-- TRADERS --

INSERT INTO People VALUES (
	'a2b121fd-1a1f-4425-97db-876af3c5bd2f',
	1, -- trader
	'Bea',
	'Margarita Khalisa',
	'Esguerra',
	'2638652',
	'029',
	'8',
	'Sick Puzzle Inc.',
	'2017-01-20 21:29:51.098Z'
);
	INSERT INTO PeopleAttributes VALUES (
		'a2b121fd-1a1f-4425-97db-876af3c5bd2f',
		0, -- username
		'beaesguerra');
	INSERT INTO PeopleAttributes VALUES (
		'a2b121fd-1a1f-4425-97db-876af3c5bd2f',
		1, -- hash
		'$2a$11$MNnSl9wVh2mxFlJM0dtRNe1DYo7MvuE6lIa5D5RqHA/r3lavg9L.K');

INSERT INTO People VALUES (
	'2fc0977d-c49b-47e8-9a03-090c5c65792d',
	1, -- trader
	'Brad',
	'',
	'Pfannmuller',
	'0192534',
	'029',
	'8',
	'Sick Puzzle Inc.',
	'2017-01-20 21:29:51.098Z'
);
	INSERT INTO PeopleAttributes VALUES (
		'2fc0977d-c49b-47e8-9a03-090c5c65792d',
		0, -- username
		'bradpfannmuller');
	INSERT INTO PeopleAttributes VALUES (
		'2fc0977d-c49b-47e8-9a03-090c5c65792d',
		1, -- hash
		'$2a$11$Xe0bXmoMU.ZXDTAkuivOtO5zGz501YFN1EG0RXH8fyKHnCV2TYPne');

INSERT INTO People VALUES (
	'7f5c0fce-c388-4df1-8a8e-1a77291affe4',
	1, -- trader
	'Nicholas',
	'Nick',
	'Cassar',
	'',
	'',
	'',
	'Sick Puzzle Inc.',
	'2017-01-18 02:25:51.098Z'
);
	INSERT INTO PeopleAttributes VALUES (
		'7f5c0fce-c388-4df1-8a8e-1a77291affe4',
		0, -- username
		'nicholascassar');
	INSERT INTO PeopleAttributes VALUES (
		'7f5c0fce-c388-4df1-8a8e-1a77291affe4',
		1, -- hash
		'$2a$11$/k3ENoLngJHNeScwcO.1r.P3NnIZjQuaEso8bvmEZi3alx3yRfkki');

INSERT INTO People VALUES (
	'a293e3a5-a88d-473b-9d4a-74a2153992f6',
	1, -- trader
	'Enoch',
	'',
	'Tsang',
	'0239487',
	'234',
	'1',
	'Sick Puzzle Inc.',
	'2017-05-18 03:25:50.098Z'
);
	INSERT INTO PeopleAttributes VALUES (
		'a293e3a5-a88d-473b-9d4a-74a2153992f6',
		0, -- username
		'enochtsang');
	INSERT INTO PeopleAttributes VALUES (
		'a293e3a5-a88d-473b-9d4a-74a2153992f6',
		1, -- hash
		'$2a$11$q54SSL/by7IAy0xVjoEN8ejjZk.9.qNqoZ785WGhaUK0EVBkshhgO');

-- FARMERS --

INSERT INTO People VALUES (
	'f1af1bb8-e5f1-41a3-842c-f6f24bdeb08c',
	0, -- farmer
	'Moath',
	'',
	'Althawad',
	'2093834',
	'029',
	'8',
	'Sick Puzzle Inc.',
	'2017-08-18 03:25:50.098Z'
);
	INSERT INTO PeopleAttributes VALUES (
		'f1af1bb8-e5f1-41a3-842c-f6f24bdeb08c',
		3, -- paymentFrequency
		'monthly');
	INSERT INTO PeopleAttributes VALUES (
		'f1af1bb8-e5f1-41a3-842c-f6f24bdeb08c',
		4, -- notes
		'Brother of bartholomew');

INSERT INTO People VALUES (
	'538f94d9-cf7a-4ac5-87ee-b139d59531f3',
	0, -- farmer
	'Mohammad',
	'',
	'Althawad',
	'2637487',
	'029',
	'8',
	'Sick Puzzle Inc.',
	'2017-08-18 03:25:50.098Z'
);
	INSERT INTO PeopleAttributes VALUES (
		'538f94d9-cf7a-4ac5-87ee-b139d59531f3',
		3, -- paymentFrequency
		'monthly');
	INSERT INTO PeopleAttributes VALUES (
		'538f94d9-cf7a-4ac5-87ee-b139d59531f3',
		4, -- notes
		'Brother of Moath');

INSERT INTO People VALUES (
	'82df81c5-e9d6-4389-b52c-0461f4f9c48e',
	0, -- farmer
	'James',
	'Edward',
	'Ingles',
	'2637487',
	'029',
	'8',
	'Sick Puzzle Inc.',
	'2017-08-18 03:25:50.098Z'
);
	INSERT INTO PeopleAttributes VALUES (
		'82df81c5-e9d6-4389-b52c-0461f4f9c48e',
		3, -- paymentFrequency
		'monthly');
	INSERT INTO PeopleAttributes VALUES (
		'82df81c5-e9d6-4389-b52c-0461f4f9c48e',
		4, -- notes
		'The intent is to provide players with a sense of pride and accomplishment for unlocking different heroes.
As for cost, we selected initial values based upon data from the Open Beta and other adjustments made to milestone rewards before launch. Among other');

INSERT INTO People VALUES (
	'e02182d5-b50f-4e5c-bb71-3f7a60b84ba3',
	0, -- farmer
	'Zachariah',
	'Achieng Fatsani Mudiwa',
	'Habbakuk',
	'2637487',
	'029',
	'8',
	'Sick Puzzle Inc.',
	'2017-08-18 08:23:50.098Z'
);
	INSERT INTO PeopleAttributes VALUES (
		'e02182d5-b50f-4e5c-bb71-3f7a60b84ba3',
		3, -- paymentFrequency
		'monthly');
	INSERT INTO PeopleAttributes VALUES (
		'e02182d5-b50f-4e5c-bb71-3f7a60b84ba3',
		4, -- notes
		'Tells good jokes');

INSERT INTO People VALUES (
	'2aef91dd-7e10-4d35-be0b-8f16b2789459',
	0, -- farmer
	'Maayan',
	'Tamandani Aboubacar',
	'Asaf',
	'0293841',
	'122',
	'1',
	'Sick Puzzle Inc.',
	'2017-08-20 08:55:20.098Z'
);
	INSERT INTO PeopleAttributes VALUES (
		'2aef91dd-7e10-4d35-be0b-8f16b2789459',
		3, -- paymentFrequency
		'weekly');
	INSERT INTO PeopleAttributes VALUES (
		'2aef91dd-7e10-4d35-be0b-8f16b2789459',
		4, -- notes
		'Really good at sucking eggs.');

INSERT INTO People VALUES (
	'ca225efc-fc3c-4dcb-b2e0-ae466c9b20c9',
	0, -- farmer
	'Hadassah',
	'Stamatia Hadassah',
	'Afroditi',
	'1234209',
	'028',
	'8',
	'Quality Milker',
	'2017-02-28 23:55:20.098Z'
);
	INSERT INTO PeopleAttributes VALUES (
		'ca225efc-fc3c-4dcb-b2e0-ae466c9b20c9',
		3, -- paymentFrequency
		'monthly');
	INSERT INTO PeopleAttributes VALUES (
		'ca225efc-fc3c-4dcb-b2e0-ae466c9b20c9',
		4, -- notes
		'Once told me "I love instant noodles"');

INSERT INTO People VALUES (
	'78519d1b-43e6-4cdd-a091-2f52614cfd95',
	0, -- farmer
	'Ephraim',
	'',
	'Jaffe',
	'1234209',
	'028',
	'8',
	'Sick Puzzle Inc.',
	'2017-02-21 23:23:20.098Z'
);
	INSERT INTO PeopleAttributes VALUES (
		'78519d1b-43e6-4cdd-a091-2f52614cfd95',
		3, -- paymentFrequency
		'monthly');
	INSERT INTO PeopleAttributes VALUES (
		'78519d1b-43e6-4cdd-a091-2f52614cfd95',
		4, -- notes
		'');

INSERT INTO People VALUES (
	'90278984-afdb-428d-a0b8-2b96d860e287',
	0, -- farmer
	'Brian O''',
	'',
	'Brien',
	'1234567',
	'028',
	'8',
	'Sick Puzzle Inc.',
	'2018-01-21 23:23:20.098Z'
);
	INSERT INTO PeopleAttributes VALUES (
		'90278984-afdb-428d-a0b8-2b96d860e287',
		3, -- paymentFrequency
		'monthly');
	INSERT INTO PeopleAttributes VALUES (
		'90278984-afdb-428d-a0b8-2b96d860e287',
		4, -- notes
		'This guy might drop tables');

-- PRODUCT TRANSACTIONS --

INSERT INTO ProductTransactions VALUES (
	'0464e508-31fa-4c47-ab2d-56496c6518e4',
	'2017-01-15 00:57:43.959Z',
	'a293e3a5-a88d-473b-9d4a-74a2153992f6',
	'ca225efc-fc3c-4dcb-b2e0-ae466c9b20c9',
	0,
	'995.3409',
	'14.46',
	'UGX',
	'2017-09-29 20:00:04.596Z'
);
	INSERT INTO ProductTransactionAttributes VALUES (
		'0464e508-31fa-4c47-ab2d-56496c6518e4',
		0, -- milkQuality
		'242.4'
	);

INSERT INTO ProductTransactions VALUES (
	'174c5003-49c0-4a32-b5f8-1057ce3d8419',
	'2017-04-27 22:49:08.783Z',
	'a293e3a5-a88d-473b-9d4a-74a2153992f6',
	'82df81c5-e9d6-4389-b52c-0461f4f9c48e',
	0,
	'1346.0797',
	'19.21',
	'UGX',
	'2017-10-29 19:26:12.731Z'
);
	INSERT INTO ProductTransactionAttributes VALUES (
		'174c5003-49c0-4a32-b5f8-1057ce3d8419',
		0, -- milkQuality
		'492.6'
	);

INSERT INTO ProductTransactions VALUES (
	'af7afeae-e0fb-42f7-9d12-f814fcb9371f',
	'2017-01-24 09:35:47.485Z',
	'2fc0977d-c49b-47e8-9a03-090c5c65792d',
	'ca225efc-fc3c-4dcb-b2e0-ae466c9b20c9',
	0,
	'46.936',
	'14.95',
	'UGX',
	'2017-11-02 13:57:50.886Z'
);
	INSERT INTO ProductTransactionAttributes VALUES (
		'af7afeae-e0fb-42f7-9d12-f814fcb9371f',
		0, -- milkQuality
		'346.2'
	);
INSERT INTO ProductTransactions VALUES (
	'caf5068f-ee0e-43d8-8956-fcb3a3a58c8c',
	'2017-03-18 04:03:56.465Z',
	'2fc0977d-c49b-47e8-9a03-090c5c65792d',
	'538f94d9-cf7a-4ac5-87ee-b139d59531f3',
	0,
	'141.4818',
	'16.79',
	'UGX',
	'2017-12-23 15:00:23.903Z'
);
	INSERT INTO ProductTransactionAttributes VALUES (
		'caf5068f-ee0e-43d8-8956-fcb3a3a58c8c',
		0, -- milkQuality
		'112.6'
	);
INSERT INTO ProductTransactions VALUES (
	'45faa895-928d-48de-a0b3-728e3d7a80ea',
	'2017-05-02 07:26:17.428Z',
	'a2b121fd-1a1f-4425-97db-876af3c5bd2f',
	'f1af1bb8-e5f1-41a3-842c-f6f24bdeb08c',
	0,
	'1925.2084',
	'19.38',
	'UGX',
	'2017-08-02 21:24:47.363Z'
);
	INSERT INTO ProductTransactionAttributes VALUES (
		'45faa895-928d-48de-a0b3-728e3d7a80ea',
		0, -- milkQuality
		'430.2'
	);
INSERT INTO ProductTransactions VALUES (
	'0d72dd94-c037-46e5-bcbf-1106539fa8ac',
	'2017-03-22 14:05:46.955Z',
	'2fc0977d-c49b-47e8-9a03-090c5c65792d',
	'ca225efc-fc3c-4dcb-b2e0-ae466c9b20c9',
	0,
	'1334.5164',
	'14.33',
	'UGX',
	'2017-12-07 08:28:52.812Z'
);
	INSERT INTO ProductTransactionAttributes VALUES (
		'0d72dd94-c037-46e5-bcbf-1106539fa8ac',
		0, -- milkQuality
		'154'
	);
INSERT INTO ProductTransactions VALUES (
	'b68f3fc2-2ef2-4fef-8c89-24cbb1d2334c',
	'2017-03-13 01:26:50.548Z',
	'a293e3a5-a88d-473b-9d4a-74a2153992f6',
	'ca225efc-fc3c-4dcb-b2e0-ae466c9b20c9',
	0,
	'1009.9342',
	'19.16',
	'UGX',
	'2017-08-31 03:50:59.608Z'
);
	INSERT INTO ProductTransactionAttributes VALUES (
		'b68f3fc2-2ef2-4fef-8c89-24cbb1d2334c',
		0, -- milkQuality
		'327.4'
	);
INSERT INTO ProductTransactions VALUES (
	'64b1c40a-8e61-48c5-87a4-2beb575a22b9',
	'2017-04-06 13:37:44.542Z',
	'a293e3a5-a88d-473b-9d4a-74a2153992f6',
	'78519d1b-43e6-4cdd-a091-2f52614cfd95',
	0,
	'1882.2158',
	'11.87',
	'UGX',
	'2017-09-11 13:33:42.792Z'
);
	INSERT INTO ProductTransactionAttributes VALUES (
		'64b1c40a-8e61-48c5-87a4-2beb575a22b9',
		0, -- milkQuality
		'148.1'
	);
INSERT INTO ProductTransactions VALUES (
	'dd85aed6-719a-48e3-a6f9-40658172ed49',
	'2017-04-14 09:58:45.380Z',
	'a2b121fd-1a1f-4425-97db-876af3c5bd2f',
	'538f94d9-cf7a-4ac5-87ee-b139d59531f3',
	0,
	'1739.7947',
	'16.08',
	'UGX',
	'2017-12-14 05:51:15.705Z'
);
	INSERT INTO ProductTransactionAttributes VALUES (
		'dd85aed6-719a-48e3-a6f9-40658172ed49',
		0, -- milkQuality
		'121.4'
	);
INSERT INTO ProductTransactions VALUES (
	'8277c06f-d259-4313-ab3b-8d682a05c8c9',
	'2017-01-15 09:11:35.404Z',
	'a2b121fd-1a1f-4425-97db-876af3c5bd2f',
	'82df81c5-e9d6-4389-b52c-0461f4f9c48e',
	0,
	'1655.0872',
	'15.33',
	'UGX',
	'2017-10-15 10:19:51.643Z'
);
	INSERT INTO ProductTransactionAttributes VALUES (
		'8277c06f-d259-4313-ab3b-8d682a05c8c9',
		0, -- milkQuality
		'247.2'
	);
INSERT INTO ProductTransactions VALUES (
	'69543194-5aea-426b-9610-2f4e39c7be42',
	'2017-04-06 12:48:54.165Z',
	'2fc0977d-c49b-47e8-9a03-090c5c65792d',
	'e02182d5-b50f-4e5c-bb71-3f7a60b84ba3',
	0,
	'1640.7718',
	'17.34',
	'UGX',
	'2017-10-27 22:35:09.735Z'
);
	INSERT INTO ProductTransactionAttributes VALUES (
		'69543194-5aea-426b-9610-2f4e39c7be42',
		0, -- milkQuality
		'218.1'
	);
INSERT INTO ProductTransactions VALUES (
	'3254d698-b2f8-4ca8-b377-1cf7f50eac30',
	'2017-03-29 22:18:05.676Z',
	'a2b121fd-1a1f-4425-97db-876af3c5bd2f',
	'82df81c5-e9d6-4389-b52c-0461f4f9c48e',
	0,
	'129.1978',
	'13.77',
	'UGX',
	'2017-11-30 15:04:59.777Z'
);
	INSERT INTO ProductTransactionAttributes VALUES (
		'3254d698-b2f8-4ca8-b377-1cf7f50eac30',
		0, -- milkQuality
		'133.6'
	);
INSERT INTO ProductTransactions VALUES (
	'303c853b-ebe9-4658-894e-c239b06612d3',
	'2017-03-30 08:45:11.294Z',
	'2fc0977d-c49b-47e8-9a03-090c5c65792d',
	'ca225efc-fc3c-4dcb-b2e0-ae466c9b20c9',
	0,
	'452.3141',
	'13.21',
	'UGX',
	'2017-08-09 11:41:14.452Z'
);
	INSERT INTO ProductTransactionAttributes VALUES (
		'303c853b-ebe9-4658-894e-c239b06612d3',
		0, -- milkQuality
		'406.1'
	);
INSERT INTO ProductTransactions VALUES (
	'4c4ee1d9-c24e-4ebf-a6dc-f7664eeb2013',
	'2017-03-06 19:49:32.349Z',
	'2fc0977d-c49b-47e8-9a03-090c5c65792d',
	'ca225efc-fc3c-4dcb-b2e0-ae466c9b20c9',
	0,
	'1260.6681',
	'19.13',
	'UGX',
	'2017-11-20 03:15:36.867Z'
);
	INSERT INTO ProductTransactionAttributes VALUES (
		'4c4ee1d9-c24e-4ebf-a6dc-f7664eeb2013',
		0, -- milkQuality
		'457.8'
	);
INSERT INTO ProductTransactions VALUES (
	'62652a80-4eff-4c70-966d-8eda744d1610',
	'2017-04-22 22:33:14.033Z',
	'a293e3a5-a88d-473b-9d4a-74a2153992f6',
	'538f94d9-cf7a-4ac5-87ee-b139d59531f3',
	0,
	'603.2771',
	'14.64',
	'UGX',
	'2017-12-10 08:06:57.118Z'
);
	INSERT INTO ProductTransactionAttributes VALUES (
		'62652a80-4eff-4c70-966d-8eda744d1610',
		0, -- milkQuality
		'303.5'
	);
INSERT INTO ProductTransactions VALUES (
	'c2316352-4e39-4490-9f34-310ada16b3e0',
	'2017-01-15 08:54:09.019Z',
	'7f5c0fce-c388-4df1-8a8e-1a77291affe4',
	'78519d1b-43e6-4cdd-a091-2f52614cfd95',
	0,
	'272.2884',
	'10.57',
	'UGX',
	'2017-08-18 20:42:14.644Z'
);
	INSERT INTO ProductTransactionAttributes VALUES (
		'c2316352-4e39-4490-9f34-310ada16b3e0',
		0, -- milkQuality
		'371.2'
	);
INSERT INTO ProductTransactions VALUES (
	'1ce7215e-89ba-4e2f-89b7-9f758628a914',
	'2017-02-09 08:00:13.780Z',
	'7f5c0fce-c388-4df1-8a8e-1a77291affe4',
	'78519d1b-43e6-4cdd-a091-2f52614cfd95',
	0,
	'544',
	'14.33',
	'UGX',
	'2017-10-09 19:56:46.241Z'
);
	INSERT INTO ProductTransactionAttributes VALUES (
		'1ce7215e-89ba-4e2f-89b7-9f758628a914',
		0, -- milkQuality
		'323.6'
	);
INSERT INTO ProductTransactions VALUES (
	'9be2752c-ddbf-436b-b65c-6d8f3227a132',
	'2017-01-10 07:19:26.734Z',
	'a2b121fd-1a1f-4425-97db-876af3c5bd2f',
	'78519d1b-43e6-4cdd-a091-2f52614cfd95',
	0,
	'268.4141',
	'19.35',
	'UGX',
	'2017-08-27 13:54:41.499Z'
);
	INSERT INTO ProductTransactionAttributes VALUES (
		'9be2752c-ddbf-436b-b65c-6d8f3227a132',
		0, -- milkQuality
		'169.6'
	);
INSERT INTO ProductTransactions VALUES (
	'46685f37-9007-4053-8b87-04ab78f0ddf4',
	'2017-01-03 19:07:12.565Z',
	'a2b121fd-1a1f-4425-97db-876af3c5bd2f',
	'78519d1b-43e6-4cdd-a091-2f52614cfd95',
	0,
	'1476.7332',
	'12.24',
	'UGX',
	'2017-07-14 03:50:08.938Z'
);
	INSERT INTO ProductTransactionAttributes VALUES (
		'46685f37-9007-4053-8b87-04ab78f0ddf4',
		0, -- milkQuality
		'109.6'
	);
INSERT INTO ProductTransactions VALUES (
	'791e1a56-6269-4595-97a2-268151bee075',
	'2017-01-02 20:30:54.906Z',
	'7f5c0fce-c388-4df1-8a8e-1a77291affe4',
	'f1af1bb8-e5f1-41a3-842c-f6f24bdeb08c',
	0,
	'1786.0495',
	'10.75',
	'UGX',
	'2017-07-13 06:20:25.933Z'
);
	INSERT INTO ProductTransactionAttributes VALUES (
		'791e1a56-6269-4595-97a2-268151bee075',
		0, -- milkQuality
		'176.6'
	);

-- PRODUCT EXPORTS --


INSERT INTO ProductExports VALUES (
	'1d5877ac-d1df-40f4-a68b-9e4e84f43856',
	'a293e3a5-a88d-473b-9d4a-74a2153992f6',
	0,
	2820,
	'F9V341G',
	'2018-03-28 06:48:25',
	'2018-03-28 06:48:25'
);

INSERT INTO ProductExports VALUES (
	'2eef71cd-ae85-4aa3-b119-08214ca83c27',
	'a293e3a5-a88d-473b-9d4a-74a2153992f6',
	0,
	1680,
	'HDIPJLL',
	'2018-02-08 20:17:48',
	'2018-02-08 20:17:48'
);

INSERT INTO ProductExports VALUES (
	'4887d7e6-c461-4a27-9ac0-cd4c97c7fa7e',
	'a293e3a5-a88d-473b-9d4a-74a2153992f6',
	0,
	2433,
	'1ODSFOY',
	'2018-03-16 21:02:13',
	'2018-03-16 21:02:13'
);

INSERT INTO ProductExports VALUES (
	'fd822281-16d0-4646-bfd6-ae2a8c0e1f3d',
	'a293e3a5-a88d-473b-9d4a-74a2153992f6',
	0,
	1597,
	'MTNLVXE',
	'2018-03-02 07:54:52',
	'2018-03-02 07:54:52'
);

INSERT INTO ProductExports VALUES (
	'4f9ab677-0ac2-4ce1-91a5-55acc78d0331',
	'a2b121fd-1a1f-4425-97db-876af3c5bd2f',
	0,
	2129,
	'Y2GVDAM',
	'2018-02-17 11:55:40',
	'2018-02-17 11:55:40'
);

INSERT INTO ProductExports VALUES (
	'93eb941b-6834-4749-be2e-0de93da18a94',
	'a2b121fd-1a1f-4425-97db-876af3c5bd2f',
	0,
	2074,
	'GORJV4W',
	'2018-02-11 22:44:47',
	'2018-02-11 22:44:47'
);

INSERT INTO ProductExports VALUES (
	'e0dfb0c0-907f-4a28-b229-da6317b2eb73',
	'2fc0977d-c49b-47e8-9a03-090c5c65792d',
	0,
	2902,
	'VQ988ZD',
	'2018-02-07 10:05:27',
	'2018-02-07 10:05:27'
);

INSERT INTO ProductExports VALUES (
	'68d32cdd-6c09-49cd-b0a6-6592dc9af76e',
	'2fc0977d-c49b-47e8-9a03-090c5c65792d',
	0,
	1864,
	'IOBIQE3',
	'2018-04-05 01:28:29',
	'2018-04-05 01:28:29'
);

INSERT INTO ProductExports VALUES (
	'8b430eff-87c9-4507-a8dd-145232308251',
	'a293e3a5-a88d-473b-9d4a-74a2153992f6',
	0,
	1020,
	'RJ49EDF',
	'2018-02-04 12:55:00',
	'2018-02-04 12:55:00'
);

INSERT INTO ProductExports VALUES (
	'522ce5bf-7980-45bd-b4d5-3f90ea07dc1c',
	'7f5c0fce-c388-4df1-8a8e-1a77291affe4',
	0,
	1599,
	'DRQK60I',
	'2018-03-02 23:40:49',
	'2018-03-02 23:40:49'
);

INSERT INTO ProductExports VALUES (
	'8e85937f-b4ab-4abb-8d53-5587e64c2756',
	'2fc0977d-c49b-47e8-9a03-090c5c65792d',
	0,
	1845,
	'EMLGRKL',
	'2018-04-06 23:13:25',
	'2018-04-06 23:13:25'
);

INSERT INTO ProductExports VALUES (
	'f961209a-6fb5-42f2-bdfc-ed09221fdc55',
	'a293e3a5-a88d-473b-9d4a-74a2153992f6',
	0,
	1780,
	'TZAQGSZ',
	'2018-04-03 19:25:35',
	'2018-04-03 19:25:35'
);

INSERT INTO ProductExports VALUES (
	'c9e6caa4-424d-4389-a952-0ca4d262f55d',
	'a293e3a5-a88d-473b-9d4a-74a2153992f6',
	0,
	2700,
	'QIHASI8',
	'2018-03-15 04:17:56',
	'2018-03-15 04:17:56'
);

INSERT INTO ProductExports VALUES (
	'c6ed4387-22f7-43d5-9d6b-4a6a8fb69b9f',
	'7f5c0fce-c388-4df1-8a8e-1a77291affe4',
	0,
	2833,
	'3K6V4EF',
	'2018-03-26 04:49:18',
	'2018-03-26 04:49:18'
);

INSERT INTO ProductExports VALUES (
	'31741b02-1ef5-492f-a6b7-276b3cd007e6',
	'7f5c0fce-c388-4df1-8a8e-1a77291affe4',
	0,
	2913,
	'4D2IC4Y',
	'2018-03-06 05:22:48',
	'2018-03-06 05:22:48'
);

INSERT INTO ProductExports VALUES (
	'e52912a6-e6a8-4f10-89b2-aee7d2fc6329',
	'7f5c0fce-c388-4df1-8a8e-1a77291affe4',
	0,
	1993,
	'XIZ8PEZ',
	'2018-03-18 07:03:12',
	'2018-03-18 07:03:12'
);

INSERT INTO ProductExports VALUES (
	'e1a70205-d90f-4a73-85ae-e95e6d7bbc5a',
	'7f5c0fce-c388-4df1-8a8e-1a77291affe4',
	0,
	1853,
	'Q528ISX',
	'2018-02-23 10:31:06',
	'2018-02-23 10:31:06'
);

INSERT INTO ProductExports VALUES (
	'86c09d8a-5f0f-4241-b70b-4d386fc37f03',
	'7f5c0fce-c388-4df1-8a8e-1a77291affe4',
	0,
	1338,
	'41J0KC4',
	'2018-03-03 17:15:28',
	'2018-03-03 17:15:28'
);

INSERT INTO ProductExports VALUES (
	'6af09d7f-cca0-49c1-be74-fc7690ef9fd4',
	'a293e3a5-a88d-473b-9d4a-74a2153992f6',
	0,
	1851,
	'D0Q0M5D',
	'2018-02-08 10:42:45',
	'2018-02-08 10:42:45'
);

INSERT INTO ProductExports VALUES (
	'7805ac26-5b3a-438d-acaf-5bb644d13646',
	'7f5c0fce-c388-4df1-8a8e-1a77291affe4',
	0,
	1745,
	'JYZFL1Z',
	'2018-02-25 15:11:58',
	'2018-02-25 15:11:58'
);

INSERT INTO ProductExports VALUES (
	'7948620f-fa05-4abf-a689-e58415324e8e',
	'a293e3a5-a88d-473b-9d4a-74a2153992f6',
	0,
	1825,
	'1ODSFOY',
	'2018-04-01 06:15:21',
	'2018-04-01 06:15:21'
);

INSERT INTO ProductExports VALUES (
	'b6325356-22bf-4b97-9405-4502b4888b50',
	'7f5c0fce-c388-4df1-8a8e-1a77291affe4',
	0,
	2936,
	'MTNLVXE',
	'2018-02-11 00:16:44',
	'2018-02-11 00:16:44'
);

INSERT INTO ProductExports VALUES (
	'ab09b4fc-3210-4509-903b-d227e70d48ce',
	'2fc0977d-c49b-47e8-9a03-090c5c65792d',
	0,
	1520,
	'Y2GVDAM',
	'2018-03-26 19:39:40',
	'2018-03-26 19:39:40'
);

INSERT INTO ProductExports VALUES (
	'c43d1ed9-f6ff-4868-a7dd-eb7ca97fa406',
	'2fc0977d-c49b-47e8-9a03-090c5c65792d',
	0,
	2343,
	'GORJV4W',
	'2018-02-23 04:55:50',
	'2018-02-23 04:55:50'
);

INSERT INTO ProductExports VALUES (
	'4432f67c-fef0-4e73-8fb4-814cfbdc5cf1',
	'2fc0977d-c49b-47e8-9a03-090c5c65792d',
	0,
	1097,
	'VQ988ZD',
	'2018-02-13 06:17:18',
	'2018-02-13 06:17:18'
);

INSERT INTO ProductExports VALUES (
	'd5fec1f9-d8c6-434e-967d-ebad69e725a2',
	'7f5c0fce-c388-4df1-8a8e-1a77291affe4',
	0,
	2580,
	'IOBIQE3',
	'2018-03-26 08:42:30',
	'2018-03-26 08:42:30'
);

INSERT INTO ProductExports VALUES (
	'd0196327-f009-42b7-b785-a7daa63bd209',
	'a2b121fd-1a1f-4425-97db-876af3c5bd2f',
	0,
	1762,
	'RJ49EDF',
	'2018-03-11 04:08:11',
	'2018-03-11 04:08:11'
);

INSERT INTO ProductExports VALUES (
	'7061da2f-9238-47ba-bcb3-30954e5a36b2',
	'a2b121fd-1a1f-4425-97db-876af3c5bd2f',
	0,
	2308,
	'DRQK60I',
	'2018-02-06 12:22:15',
	'2018-02-06 12:22:15'
);

INSERT INTO ProductExports VALUES (
	'a008d4ec-9ae5-475a-8671-10d90621d7ef',
	'a2b121fd-1a1f-4425-97db-876af3c5bd2f',
	0,
	2475,
	'EMLGRKL',
	'2018-03-14 03:01:51',
	'2018-03-14 03:01:51'
);

INSERT INTO ProductExports VALUES (
	'6d18155a-8a03-4d40-97e8-107e7c3eb5b9',
	'2fc0977d-c49b-47e8-9a03-090c5c65792d',
	0,
	2590,
	'TZAQGSZ',
	'2018-03-29 22:10:14',
	'2018-03-29 22:10:14'
);

INSERT INTO ProductExports VALUES (
	'41ad07b7-ba88-4274-ac5e-23d2c749168f',
	'7f5c0fce-c388-4df1-8a8e-1a77291affe4',
	0,
	2524,
	'QIHASI8',
	'2018-03-03 01:53:16',
	'2018-03-03 01:53:16'
);

INSERT INTO ProductExports VALUES (
	'6aabeee3-6b71-4b1b-88ae-ca1fce656bee',
	'2fc0977d-c49b-47e8-9a03-090c5c65792d',
	0,
	2825,
	'3K6V4EF',
	'2018-02-17 01:41:01',
	'2018-02-17 01:41:01'
);

INSERT INTO ProductExports VALUES (
	'059a2ba2-f44b-4b1c-b101-2c92bafaa8f9',
	'2fc0977d-c49b-47e8-9a03-090c5c65792d',
	0,
	2025,
	'4D2IC4Y',
	'2018-02-05 02:28:22',
	'2018-02-05 02:28:22'
);

INSERT INTO ProductExports VALUES (
	'70d85c91-1a6d-4a9d-8234-f0c1b6158ff2',
	'a2b121fd-1a1f-4425-97db-876af3c5bd2f',
	0,
	2037,
	'XIZ8PEZ',
	'2018-03-22 07:11:20',
	'2018-03-22 07:11:20'
);

INSERT INTO ProductExports VALUES (
	'6e704bf9-fcf4-4d25-a996-01e6f7c21a7f',
	'2fc0977d-c49b-47e8-9a03-090c5c65792d',
	0,
	1470,
	'Q528ISX',
	'2018-03-12 21:46:36',
	'2018-03-12 21:46:36'
);

INSERT INTO ProductExports VALUES (
	'9811cac1-22f3-41df-afa2-c68bf16fc4e9',
	'2fc0977d-c49b-47e8-9a03-090c5c65792d',
	0,
	2864,
	'41J0KC4',
	'2018-02-04 01:04:17',
	'2018-02-04 01:04:17'
);

INSERT INTO ProductExports VALUES (
	'fc660a01-5fab-413c-8337-ec46580bdf6b',
	'a293e3a5-a88d-473b-9d4a-74a2153992f6',
	0,
	2259,
	'D0Q0M5D',
	'2018-02-03 13:41:16',
	'2018-02-03 13:41:16'
);

INSERT INTO ProductExports VALUES (
	'f2b1b37d-c16d-4a6e-9374-74be7c357c01',
	'a293e3a5-a88d-473b-9d4a-74a2153992f6',
	0,
	1638,
	'JYZFL1Z',
	'2018-02-27 07:50:59',
	'2018-02-27 07:50:59'
);

INSERT INTO ProductExports VALUES (
	'6c0b97a1-c661-4dad-9612-e779fa7eb802',
	'7f5c0fce-c388-4df1-8a8e-1a77291affe4',
	0,
	1644,
	'RJ49EDF',
	'2018-02-07 15:50:53',
	'2018-02-07 15:50:53'
);

INSERT INTO ProductExports VALUES (
	'4c284bcd-335f-4205-a4bd-456068c501f6',
	'2fc0977d-c49b-47e8-9a03-090c5c65792d',
	0,
	2589,
	'DRQK60I',
	'2018-03-28 12:39:16',
	'2018-03-28 12:39:16'
);

INSERT INTO ProductExports VALUES (
	'773adde1-0566-4207-8870-68ebb6102b88',
	'7f5c0fce-c388-4df1-8a8e-1a77291affe4',
	0,
	1907,
	'EMLGRKL',
	'2018-02-25 12:08:08',
	'2018-02-25 12:08:08'
);

INSERT INTO ProductExports VALUES (
	'237d2177-1935-4d00-bcf1-a547ca624ece',
	'7f5c0fce-c388-4df1-8a8e-1a77291affe4',
	0,
	1785,
	'TZAQGSZ',
	'2018-02-06 13:18:56',
	'2018-02-06 13:18:56'
);

INSERT INTO ProductExports VALUES (
	'7eb77a77-be05-4de0-a53f-20466545e918',
	'a2b121fd-1a1f-4425-97db-876af3c5bd2f',
	0,
	2508,
	'QIHASI8',
	'2018-03-23 13:48:34',
	'2018-03-23 13:48:34'
);

INSERT INTO ProductExports VALUES (
	'ef690636-8acd-4e9e-a45e-ec0a14ad6f68',
	'a293e3a5-a88d-473b-9d4a-74a2153992f6',
	0,
	1989,
	'3K6V4EF',
	'2018-03-11 05:40:01',
	'2018-03-11 05:40:01'
);

INSERT INTO ProductExports VALUES (
	'758e62d6-d001-4b8d-8108-5c6bfc1d15ac',
	'2fc0977d-c49b-47e8-9a03-090c5c65792d',
	0,
	1509,
	'4D2IC4Y',
	'2018-04-04 07:17:59',
	'2018-04-04 07:17:59'
);

INSERT INTO ProductExports VALUES (
	'd8f30f66-206b-45ee-8bb1-f68ee5d18974',
	'a293e3a5-a88d-473b-9d4a-74a2153992f6',
	0,
	1166,
	'XIZ8PEZ',
	'2018-02-01 05:34:18',
	'2018-02-01 05:34:18'
);

INSERT INTO ProductExports VALUES (
	'6a1a344b-00cf-4c36-ba4e-578af1a02298',
	'a293e3a5-a88d-473b-9d4a-74a2153992f6',
	0,
	2296,
	'Q528ISX',
	'2018-03-10 15:40:48',
	'2018-03-10 15:40:48'
);

INSERT INTO ProductExports VALUES (
	'fccb53ae-2efc-4908-b5c2-5aa03fcfd491',
	'a293e3a5-a88d-473b-9d4a-74a2153992f6',
	0,
	2426,
	'3K6V4EF',
	'2018-02-09 05:08:26',
	'2018-02-09 05:08:26'
);

INSERT INTO ProductExports VALUES (
	'c432f374-1167-4463-a0bb-40e7e83a9194',
	'a293e3a5-a88d-473b-9d4a-74a2153992f6',
	0,
	2372,
	'4D2IC4Y',
	'2018-02-17 09:55:07',
	'2018-02-17 09:55:07'
);

INSERT INTO ProductExports VALUES (
	'49cc4507-46e6-49b8-804d-3b7d5bcd0989',
	'2fc0977d-c49b-47e8-9a03-090c5c65792d',
	0,
	2097,
	'XIZ8PEZ',
	'2018-03-27 21:28:58',
	'2018-03-27 21:28:58'
);

INSERT INTO ProductExports VALUES (
	'5afaec7c-7b22-4202-9de4-26fa17bc35cf',
	'a293e3a5-a88d-473b-9d4a-74a2153992f6',
	0,
	2026,
	'Q528ISX',
	'2018-02-12 05:05:12',
	'2018-02-12 05:05:12'
);

INSERT INTO ProductExports VALUES (
	'82f58013-5184-4d2a-8bf6-1ddf42278b29',
	'7f5c0fce-c388-4df1-8a8e-1a77291affe4',
	0,
	2408,
	'3K6V4EF',
	'2018-03-27 18:36:51',
	'2018-03-27 18:36:51'
);

INSERT INTO ProductExports VALUES (
	'e298ae76-6c5c-406a-9a95-7a3197991ced',
	'a2b121fd-1a1f-4425-97db-876af3c5bd2f',
	0,
	1900,
	'4D2IC4Y',
	'2018-02-17 21:19:53',
	'2018-02-17 21:19:53'
);

INSERT INTO ProductExports VALUES (
	'f5b3e48d-280e-4c5f-b40c-9aeea72ebf88',
	'2fc0977d-c49b-47e8-9a03-090c5c65792d',
	0,
	2562,
	'XIZ8PEZ',
	'2018-02-26 18:13:51',
	'2018-02-26 18:13:51'
);

INSERT INTO ProductExports VALUES (
	'4f97e8e2-95ac-4282-8d41-04cee99ae833',
	'a2b121fd-1a1f-4425-97db-876af3c5bd2f',
	0,
	1318,
	'Q528ISX',
	'2018-02-22 01:59:46',
	'2018-02-22 01:59:46'
);

INSERT INTO ProductExports VALUES (
	'c2033093-fc12-4c80-9ea9-c68c1c608d12',
	'a2b121fd-1a1f-4425-97db-876af3c5bd2f',
	0,
	1148,
	'3K6V4EF',
	'2018-03-07 09:06:27',
	'2018-03-07 09:06:27'
);

INSERT INTO ProductExports VALUES (
	'885fe223-afb6-4a70-b5ca-fb579039bac0',
	'7f5c0fce-c388-4df1-8a8e-1a77291affe4',
	0,
	1377,
	'4D2IC4Y',
	'2018-04-07 18:13:03',
	'2018-04-07 18:13:03'
);

INSERT INTO ProductExports VALUES (
	'bea7cc71-dd0b-4d11-a596-0146f6f269bb',
	'7f5c0fce-c388-4df1-8a8e-1a77291affe4',
	0,
	2934,
	'XIZ8PEZ',
	'2018-03-01 06:32:56',
	'2018-03-01 06:32:56'
);

INSERT INTO ProductExports VALUES (
	'5ad13d2b-2d10-4791-bdd0-8cf419b81bcf',
	'7f5c0fce-c388-4df1-8a8e-1a77291affe4',
	0,
	1041,
	'Q528ISX',
	'2018-03-16 12:50:29',
	'2018-03-16 12:50:29'
);

INSERT INTO ProductExports VALUES (
	'b041437d-d166-49a6-a021-72d4cab6eb0f',
	'a293e3a5-a88d-473b-9d4a-74a2153992f6',
	0,
	1175,
	'3K6V4EF',
	'2018-03-28 00:41:55',
	'2018-03-28 00:41:55'
);

INSERT INTO ProductExports VALUES (
	'512930f9-91bc-48ae-b013-e67fb56d2b1a',
	'2fc0977d-c49b-47e8-9a03-090c5c65792d',
	0,
	2820,
	'4D2IC4Y',
	'2018-03-05 15:20:09',
	'2018-03-05 15:20:09'
);

INSERT INTO ProductExports VALUES (
	'b11a7a96-a5cc-4af7-8282-abfed7b0f9e0',
	'a293e3a5-a88d-473b-9d4a-74a2153992f6',
	0,
	2256,
	'XIZ8PEZ',
	'2018-02-08 00:21:08',
	'2018-02-08 00:21:08'
);

INSERT INTO ProductExports VALUES (
	'a71238a4-883e-467f-9f59-5d5602f3912e',
	'2fc0977d-c49b-47e8-9a03-090c5c65792d',
	0,
	2596,
	'Q528ISX',
	'2018-03-31 07:17:30',
	'2018-03-31 07:17:30'
);

INSERT INTO ProductExports VALUES (
	'29892fd6-0864-4663-aafe-0c519c1fbb0a',
	'a293e3a5-a88d-473b-9d4a-74a2153992f6',
	0,
	2492,
	'3K6V4EF',
	'2018-02-09 09:58:29',
	'2018-02-09 09:58:29'
);

INSERT INTO ProductExports VALUES (
	'4afb6770-1928-471a-92ae-08e4f4e8d107',
	'a293e3a5-a88d-473b-9d4a-74a2153992f6',
	0,
	1298,
	'4D2IC4Y',
	'2018-03-08 14:27:20',
	'2018-03-08 14:27:20'
);

INSERT INTO ProductExports VALUES (
	'fe4e19da-c0d0-4c3d-a0be-52987c98b80b',
	'a2b121fd-1a1f-4425-97db-876af3c5bd2f',
	0,
	1120,
	'XIZ8PEZ',
	'2018-02-11 14:11:12',
	'2018-02-11 14:11:12'
);

INSERT INTO ProductExports VALUES (
	'a2e78654-f502-496d-9f07-e3aaf061839b',
	'a2b121fd-1a1f-4425-97db-876af3c5bd2f',
	0,
	1966,
	'Q528ISX',
	'2018-03-30 12:35:36',
	'2018-03-30 12:35:36'
);

INSERT INTO ProductExports VALUES (
	'c6ce0c3f-0612-426a-961d-a6d0da882d3e',
	'2fc0977d-c49b-47e8-9a03-090c5c65792d',
	0,
	1280,
	'3K6V4EF',
	'2018-02-14 03:17:41',
	'2018-02-14 03:17:41'
);

INSERT INTO ProductExports VALUES (
	'e52fee78-55c3-47ac-8191-2d8f8c476b03',
	'a293e3a5-a88d-473b-9d4a-74a2153992f6',
	0,
	2820,
	'4D2IC4Y',
	'2018-03-04 07:36:32',
	'2018-03-04 07:36:32'
);

INSERT INTO ProductExports VALUES (
	'6ce48257-facc-420a-89e2-0132abfa30f1',
	'a293e3a5-a88d-473b-9d4a-74a2153992f6',
	0,
	1780,
	'XIZ8PEZ',
	'2018-02-02 07:45:04',
	'2018-02-02 07:45:04'
);

INSERT INTO ProductExports VALUES (
	'10b325fb-5779-441d-a728-09ba0f227b1d',
	'2fc0977d-c49b-47e8-9a03-090c5c65792d',
	0,
	2681,
	'Q528ISX',
	'2018-03-16 02:04:44',
	'2018-03-16 02:04:44'
);

INSERT INTO ProductExports VALUES (
	'5d3ba827-a0a6-43ee-af76-dd102530e457',
	'a2b121fd-1a1f-4425-97db-876af3c5bd2f',
	0,
	2493,
	'3K6V4EF',
	'2018-03-01 22:17:43',
	'2018-03-01 22:17:43'
);

INSERT INTO ProductExports VALUES (
	'15469fc9-d71a-4181-b620-e4329cccf500',
	'7f5c0fce-c388-4df1-8a8e-1a77291affe4',
	0,
	1589,
	'4D2IC4Y',
	'2018-03-24 06:08:26',
	'2018-03-24 06:08:26'
);

INSERT INTO ProductExports VALUES (
	'44a6abd6-09b1-4683-9b89-23d574453539',
	'a293e3a5-a88d-473b-9d4a-74a2153992f6',
	0,
	1481,
	'XIZ8PEZ',
	'2018-03-25 12:05:30',
	'2018-03-25 12:05:30'
);

INSERT INTO ProductExports VALUES (
	'47457340-5f75-4f31-b945-80c543b2d75d',
	'7f5c0fce-c388-4df1-8a8e-1a77291affe4',
	0,
	2396,
	'Q528ISX',
	'2018-02-02 13:38:58',
	'2018-02-02 13:38:58'
);

INSERT INTO ProductExports VALUES (
	'796093d0-b565-4229-a014-9e63da58c91d',
	'2fc0977d-c49b-47e8-9a03-090c5c65792d',
	0,
	1988,
	'3K6V4EF',
	'2018-03-23 15:00:26',
	'2018-03-23 15:00:26'
);

INSERT INTO ProductExports VALUES (
	'6977ffe7-e754-4cde-a19e-b3cdd47eab33',
	'a2b121fd-1a1f-4425-97db-876af3c5bd2f',
	0,
	1536,
	'4D2IC4Y',
	'2018-03-10 20:55:33',
	'2018-03-10 20:55:33'
);

INSERT INTO ProductExports VALUES (
	'464b44fe-ed6e-45d1-b29f-29904d35e5b1',
	'2fc0977d-c49b-47e8-9a03-090c5c65792d',
	0,
	1416,
	'XIZ8PEZ',
	'2018-03-06 11:08:53',
	'2018-03-06 11:08:53'
);

INSERT INTO ProductExports VALUES (
	'a4073676-9eda-42e8-809c-c2eb5e96ab1a',
	'7f5c0fce-c388-4df1-8a8e-1a77291affe4',
	0,
	2972,
	'Q528ISX',
	'2018-02-01 06:30:10',
	'2018-02-01 06:30:10'
);

INSERT INTO ProductExports VALUES (
	'926fa833-9c4f-4d63-b6e8-8a7849c50b52',
	'a2b121fd-1a1f-4425-97db-876af3c5bd2f',
	0,
	2408,
	'GORJV4W',
	'2018-02-04 19:15:51',
	'2018-02-04 19:15:51'
);

INSERT INTO ProductExports VALUES (
	'94cc3404-7942-450c-a4f0-a20b5adcba9e',
	'a2b121fd-1a1f-4425-97db-876af3c5bd2f',
	0,
	2247,
	'VQ988ZD',
	'2018-02-12 08:40:21',
	'2018-02-12 08:40:21'
);

INSERT INTO ProductExports VALUES (
	'5be08fb9-5060-48f8-a7a1-1e6e541502de',
	'7f5c0fce-c388-4df1-8a8e-1a77291affe4',
	0,
	1878,
	'IOBIQE3',
	'2018-02-09 10:02:13',
	'2018-02-09 10:02:13'
);

INSERT INTO ProductExports VALUES (
	'62a9029c-3937-4325-98f6-be82dbf7aa91',
	'a2b121fd-1a1f-4425-97db-876af3c5bd2f',
	0,
	2862,
	'RJ49EDF',
	'2018-03-06 05:05:52',
	'2018-03-06 05:05:52'
);

INSERT INTO ProductExports VALUES (
	'68a02e2c-0387-4d05-af5b-1dd4e02b082b',
	'7f5c0fce-c388-4df1-8a8e-1a77291affe4',
	0,
	2526,
	'DRQK60I',
	'2018-03-18 05:41:13',
	'2018-03-18 05:41:13'
);

INSERT INTO ProductExports VALUES (
	'9fc9d845-b86a-4a9d-a2b3-6a3fca10bdc7',
	'a2b121fd-1a1f-4425-97db-876af3c5bd2f',
	0,
	2493,
	'EMLGRKL',
	'2018-02-08 06:12:31',
	'2018-02-08 06:12:31'
);

INSERT INTO ProductExports VALUES (
	'1025e2e7-ef75-426f-b9a0-64fc326084a2',
	'2fc0977d-c49b-47e8-9a03-090c5c65792d',
	0,
	2285,
	'TZAQGSZ',
	'2018-02-06 15:24:04',
	'2018-02-06 15:24:04'
);

INSERT INTO ProductExports VALUES (
	'da29ccdf-8517-4ab5-a74e-b45b6905408a',
	'a2b121fd-1a1f-4425-97db-876af3c5bd2f',
	0,
	1173,
	'RJ49EDF',
	'2018-02-08 01:17:56',
	'2018-02-08 01:17:56'
);

INSERT INTO ProductExports VALUES (
	'56786dca-bbdd-45ad-b1f3-460ced586aba',
	'7f5c0fce-c388-4df1-8a8e-1a77291affe4',
	0,
	2893,
	'DRQK60I',
	'2018-04-04 13:59:44',
	'2018-04-04 13:59:44'
);

INSERT INTO ProductExports VALUES (
	'a717f453-1508-4978-9aa0-dfdd2651f610',
	'7f5c0fce-c388-4df1-8a8e-1a77291affe4',
	0,
	1771,
	'EMLGRKL',
	'2018-04-03 21:53:29',
	'2018-04-03 21:53:29'
);

INSERT INTO ProductExports VALUES (
	'c0a67c85-660e-4612-b765-87d745ccdced',
	'a2b121fd-1a1f-4425-97db-876af3c5bd2f',
	0,
	2069,
	'TZAQGSZ',
	'2018-02-04 20:51:55',
	'2018-02-04 20:51:55'
);

INSERT INTO ProductExports VALUES (
	'cd27f679-d69e-4f43-a0e4-d696f0e7605d',
	'a2b121fd-1a1f-4425-97db-876af3c5bd2f',
	0,
	1047,
	'XIZ8PEZ',
	'2018-03-20 23:25:43',
	'2018-03-20 23:25:43'
);

INSERT INTO ProductExports VALUES (
	'08a928d3-9c29-48b6-980f-c49625d239fe',
	'a293e3a5-a88d-473b-9d4a-74a2153992f6',
	0,
	1199,
	'Q528ISX',
	'2018-04-02 06:45:18',
	'2018-04-02 06:45:18'
);

INSERT INTO ProductExports VALUES (
	'0fdde37f-0807-43be-b236-993b7012f3b2',
	'2fc0977d-c49b-47e8-9a03-090c5c65792d',
	0,
	2704,
	'3K6V4EF',
	'2018-04-06 10:20:42',
	'2018-04-06 10:20:42'
);

INSERT INTO ProductExports VALUES (
	'13c799d2-4340-47af-8426-da368761a8ef',
	'a2b121fd-1a1f-4425-97db-876af3c5bd2f',
	0,
	2252,
	'4D2IC4Y',
	'2018-02-18 06:00:58',
	'2018-02-18 06:00:58'
);

INSERT INTO ProductExports VALUES (
	'796188e1-d2e7-48b8-bf4c-c2eae77c6ace',
	'a2b121fd-1a1f-4425-97db-876af3c5bd2f',
	0,
	1405,
	'XIZ8PEZ',
	'2018-02-26 12:30:45',
	'2018-02-26 12:30:45'
);

INSERT INTO ProductExports VALUES (
	'acfc99ba-215c-4125-9e4a-7666855dd4a2',
	'7f5c0fce-c388-4df1-8a8e-1a77291affe4',
	0,
	1422,
	'Q528ISX',
	'2018-03-10 22:35:05',
	'2018-03-10 22:35:05'
);

INSERT INTO ProductExports VALUES (
	'cf53fabf-0076-4641-bad8-d4c5f4fc5ad6',
	'a2b121fd-1a1f-4425-97db-876af3c5bd2f',
	0,
	1443,
	'3K6V4EF',
	'2018-04-08 05:11:01',
	'2018-04-08 05:11:01'
);

INSERT INTO ProductExports VALUES (
	'd7331471-44d9-4620-85bc-be98278ffcc3',
	'2fc0977d-c49b-47e8-9a03-090c5c65792d',
	0,
	2607,
	'4D2IC4Y',
	'2018-02-01 18:11:25',
	'2018-02-01 18:11:25'
);

INSERT INTO ProductExports VALUES (
	'62936f00-5621-4341-8a05-ec0df4a57564',
	'a2b121fd-1a1f-4425-97db-876af3c5bd2f',
	0,
	2664,
	'XIZ8PEZ',
	'2018-03-10 22:58:51',
	'2018-03-10 22:58:51'
);

INSERT INTO ProductExports VALUES (
	'a9ab0418-de69-470a-9c15-2dad868c4dbb',
	'2fc0977d-c49b-47e8-9a03-090c5c65792d',
	0,
	2417,
	'Q528ISX',
	'2018-03-08 19:17:14',
	'2018-03-08 19:17:14'
);

-- LOANS

INSERT INTO MoneyTransactions VALUES (
	'575a19f8-f1a6-4aec-9ddb-001e33338f81',
	'2018-02-25 11:40:19',
	'2018-02-25 11:40:19',
	'e02182d5-b50f-4e5c-bb71-3f7a60b84ba3',
	'a2b121fd-1a1f-4425-97db-876af3c5bd2f',
	'1700',
	'UGX'
);
INSERT INTO Loans VALUES (
	'039946e5-60d2-4652-ac7a-bf216d00efa3',
	'575a19f8-f1a6-4aec-9ddb-001e33338f81',
	'2018-03-25 11:40:19'
);

INSERT INTO MoneyTransactions VALUES (
	'a54d1a9c-3466-4c2e-935d-0112f11515e2',
	'2018-03-21 17:47:04',
	'2018-03-21 17:47:04',
	'e02182d5-b50f-4e5c-bb71-3f7a60b84ba3',
	'2fc0977d-c49b-47e8-9a03-090c5c65792d',
	'1400',
	'UGX'
);
INSERT INTO Loans VALUES (
	'fdece060-db9d-4989-95da-26a7ed38d080',
	'a54d1a9c-3466-4c2e-935d-0112f11515e2',
	'2018-04-21 17:47:04'
);

INSERT INTO MoneyTransactions VALUES (
	'0c156d04-6a8a-4437-86ad-3b3e3b9c0d36',
	'2018-03-31 00:41:05',
	'2018-03-31 00:41:05',
	'90278984-afdb-428d-a0b8-2b96d860e287',
	'7f5c0fce-c388-4df1-8a8e-1a77291affe4',
	'1300',
	'UGX'
);
INSERT INTO Loans VALUES (
	'31538ae3-d323-44d6-ac04-ba44bcfbd754',
	'0c156d04-6a8a-4437-86ad-3b3e3b9c0d36',
	'2018-04-30 00:41:05'
);

INSERT INTO MoneyTransactions VALUES (
	'2dd52528-689d-41e4-a3aa-1355eb7779f3',
	'2018-02-14 16:45:02',
	'2018-02-14 16:45:02',
	'78519d1b-43e6-4cdd-a091-2f52614cfd95',
	'a293e3a5-a88d-473b-9d4a-74a2153992f6',
	'1500',
	'UGX'
);
INSERT INTO Loans VALUES (
	'86736bed-e1d4-43ae-8ce7-565b7d14488a',
	'2dd52528-689d-41e4-a3aa-1355eb7779f3',
	'2018-03-14 16:45:02'
);

INSERT INTO MoneyTransactions VALUES (
	'1045a510-e547-4405-8d86-118c4bf07645',
	'2018-02-19 22:59:22',
	'2018-02-19 22:59:22',
	'90278984-afdb-428d-a0b8-2b96d860e287',
	'a2b121fd-1a1f-4425-97db-876af3c5bd2f',
	'1500',
	'UGX'
);
INSERT INTO Loans VALUES (
	'068f4394-52d5-48bc-b62d-f312cccb4247',
	'1045a510-e547-4405-8d86-118c4bf07645',
	'2018-03-19 22:59:22'
);

INSERT INTO MoneyTransactions VALUES (
	'24907c25-95db-4ee0-ace3-acea658f40f8',
	'2018-03-28 16:58:31',
	'2018-03-28 16:58:31',
	'ca225efc-fc3c-4dcb-b2e0-ae466c9b20c9',
	'2fc0977d-c49b-47e8-9a03-090c5c65792d',
	'2000',
	'UGX'
);
INSERT INTO Loans VALUES (
	'1913f7ba-ff56-47b6-8478-cf4edd9092f7',
	'24907c25-95db-4ee0-ace3-acea658f40f8',
	'2018-04-28 16:58:31'
);

INSERT INTO MoneyTransactions VALUES (
	'881c65dd-8e2c-4fc8-ae8a-bb35350e6321',
	'2018-03-08 17:28:29',
	'2018-03-08 17:28:29',
	'ca225efc-fc3c-4dcb-b2e0-ae466c9b20c9',
	'7f5c0fce-c388-4df1-8a8e-1a77291affe4',
	'800',
	'UGX'
);
INSERT INTO Loans VALUES (
	'0de78c39-0572-4779-a7e6-3687c4ee1a6e',
	'881c65dd-8e2c-4fc8-ae8a-bb35350e6321',
	'2018-04-08 17:28:29'
);

INSERT INTO MoneyTransactions VALUES (
	'dc2c8a59-81e5-4aec-a61d-649f6c8332b9',
	'2018-03-28 07:35:02',
	'2018-03-28 07:35:02',
	'78519d1b-43e6-4cdd-a091-2f52614cfd95',
	'a293e3a5-a88d-473b-9d4a-74a2153992f6',
	'1100',
	'UGX'
);
INSERT INTO Loans VALUES (
	'4a6be181-3de7-49a6-87a4-a4e3289cf0f8',
	'dc2c8a59-81e5-4aec-a61d-649f6c8332b9',
	'2018-04-28 07:35:02'
);

INSERT INTO MoneyTransactions VALUES (
	'a18fd695-cfa4-4f74-81de-da181124c9e2',
	'2018-03-09 00:00:19',
	'2018-03-09 00:00:19',
	'2aef91dd-7e10-4d35-be0b-8f16b2789459',
	'a2b121fd-1a1f-4425-97db-876af3c5bd2f',
	'900',
	'UGX'
);
INSERT INTO Loans VALUES (
	'cf55b637-f81c-44a0-94bc-a8cb43c41fef',
	'a18fd695-cfa4-4f74-81de-da181124c9e2',
	'2018-04-09 00:00:19'
);

INSERT INTO MoneyTransactions VALUES (
	'd3918bae-c96f-4ca1-8408-babd6c7f3613',
	'2018-02-25 06:43:47',
	'2018-02-25 06:43:47',
	'ca225efc-fc3c-4dcb-b2e0-ae466c9b20c9',
	'2fc0977d-c49b-47e8-9a03-090c5c65792d',
	'2000',
	'UGX'
);
INSERT INTO Loans VALUES (
	'10dd3fb7-0873-4eaf-b263-ffabe13b7270',
	'd3918bae-c96f-4ca1-8408-babd6c7f3613',
	'2018-03-25 06:43:47'
);

INSERT INTO MoneyTransactions VALUES (
	'bb14d38a-cbfd-4ab9-97ce-6809a3c038cc',
	'2018-03-06 14:47:33',
	'2018-03-06 14:47:33',
	'ca225efc-fc3c-4dcb-b2e0-ae466c9b20c9',
	'7f5c0fce-c388-4df1-8a8e-1a77291affe4',
	'1900',
	'UGX'
);
INSERT INTO Loans VALUES (
	'812f16a9-87da-4dda-bb70-b63ce74c05f6',
	'bb14d38a-cbfd-4ab9-97ce-6809a3c038cc',
	'2018-04-06 14:47:33'
);

INSERT INTO MoneyTransactions VALUES (
	'a312b8d7-b823-40e6-a118-39993802aab7',
	'2018-03-14 12:57:01',
	'2018-03-14 12:57:01',
	'82df81c5-e9d6-4389-b52c-0461f4f9c48e',
	'a293e3a5-a88d-473b-9d4a-74a2153992f6',
	'900',
	'UGX'
);
INSERT INTO Loans VALUES (
	'4c42df30-a9ce-429c-a0c8-d1cc74347020',
	'a312b8d7-b823-40e6-a118-39993802aab7',
	'2018-04-14 12:57:01'
);

INSERT INTO MoneyTransactions VALUES (
	'62a3674d-7296-4a8d-a480-bc5a4c9ce69e',
	'2018-02-24 22:45:13',
	'2018-02-24 22:45:13',
	'82df81c5-e9d6-4389-b52c-0461f4f9c48e',
	'a2b121fd-1a1f-4425-97db-876af3c5bd2f',
	'800',
	'UGX'
);
INSERT INTO Loans VALUES (
	'92f9a3a9-e47b-47a2-9e56-a983873aab2e',
	'62a3674d-7296-4a8d-a480-bc5a4c9ce69e',
	'2018-03-24 22:45:13'
);

INSERT INTO MoneyTransactions VALUES (
	'13f5328c-2545-4588-b36d-fd80368f5b4e',
	'2018-02-04 08:34:53',
	'2018-02-04 08:34:53',
	'78519d1b-43e6-4cdd-a091-2f52614cfd95',
	'2fc0977d-c49b-47e8-9a03-090c5c65792d',
	'700',
	'UGX'
);
INSERT INTO Loans VALUES (
	'2cd2fdf3-d42c-4a34-a7cd-7a8f4d3e0b57',
	'13f5328c-2545-4588-b36d-fd80368f5b4e',
	'2018-03-04 08:34:53'
);

INSERT INTO MoneyTransactions VALUES (
	'8881c0f4-e26a-4df9-be94-0458131939e7',
	'2018-02-11 08:29:14',
	'2018-02-11 08:29:14',
	'78519d1b-43e6-4cdd-a091-2f52614cfd95',
	'7f5c0fce-c388-4df1-8a8e-1a77291affe4',
	'1700',
	'UGX'
);
INSERT INTO Loans VALUES (
	'24de63c1-11ee-44a8-8a0b-0ec992e8badb',
	'8881c0f4-e26a-4df9-be94-0458131939e7',
	'2018-03-11 08:29:14'
);

INSERT INTO MoneyTransactions VALUES (
	'6d3d9126-3371-49b8-af84-d2a4f14931b9',
	'2018-03-15 04:07:51',
	'2018-03-15 04:07:51',
	'78519d1b-43e6-4cdd-a091-2f52614cfd95',
	'a293e3a5-a88d-473b-9d4a-74a2153992f6',
	'900',
	'UGX'
);
INSERT INTO Loans VALUES (
	'fd435b60-80fe-4d2f-954e-333aa8da08a9',
	'6d3d9126-3371-49b8-af84-d2a4f14931b9',
	'2018-04-15 04:07:51'
);

INSERT INTO MoneyTransactions VALUES (
	'1c263c9f-9117-4d71-8d50-816da0637839',
	'2018-02-13 10:14:21',
	'2018-02-13 10:14:21',
	'ca225efc-fc3c-4dcb-b2e0-ae466c9b20c9',
	'a2b121fd-1a1f-4425-97db-876af3c5bd2f',
	'2000',
	'UGX'
);
INSERT INTO Loans VALUES (
	'f416d209-5e80-4256-80fe-a7b5ce6ceb34',
	'1c263c9f-9117-4d71-8d50-816da0637839',
	'2018-03-13 10:14:21'
);

INSERT INTO MoneyTransactions VALUES (
	'3f436db9-c01a-48cb-b8bb-2ceb4e42d5ef',
	'2018-02-22 07:09:40',
	'2018-02-22 07:09:40',
	'90278984-afdb-428d-a0b8-2b96d860e287',
	'2fc0977d-c49b-47e8-9a03-090c5c65792d',
	'700',
	'UGX'
);
INSERT INTO Loans VALUES (
	'6ec58a4b-64b9-4944-9f7c-0da7986b3d89',
	'3f436db9-c01a-48cb-b8bb-2ceb4e42d5ef',
	'2018-03-22 07:09:40'
);

INSERT INTO MoneyTransactions VALUES (
	'065f1513-3ba5-4a3a-b6a9-35524d665bb0',
	'2018-02-26 19:27:38',
	'2018-02-26 19:27:38',
	'f1af1bb8-e5f1-41a3-842c-f6f24bdeb08c',
	'7f5c0fce-c388-4df1-8a8e-1a77291affe4',
	'600',
	'UGX'
);
INSERT INTO Loans VALUES (
	'40d5e5a3-c095-4999-b7f0-13d522f3b1e7',
	'065f1513-3ba5-4a3a-b6a9-35524d665bb0',
	'2018-03-26 19:27:38'
);

INSERT INTO MoneyTransactions VALUES (
	'c69cd4d3-bcba-46be-92c9-15b8fc7efef3',
	'2018-03-31 18:32:28',
	'2018-03-31 18:32:28',
	'78519d1b-43e6-4cdd-a091-2f52614cfd95',
	'a2b121fd-1a1f-4425-97db-876af3c5bd2f',
	'1800',
	'UGX'
);
INSERT INTO Loans VALUES (
	'6eb59c4e-523a-4903-9986-64cd47b6c28d',
	'c69cd4d3-bcba-46be-92c9-15b8fc7efef3',
	'2018-04-30 18:32:28'
);

INSERT INTO MoneyTransactions VALUES (
	'ef55241e-3c9f-426e-8bd4-463e8693980f',
	'2018-03-12 09:33:38',
	'2018-03-12 09:33:38',
	'ca225efc-fc3c-4dcb-b2e0-ae466c9b20c9',
	'2fc0977d-c49b-47e8-9a03-090c5c65792d',
	'1100',
	'UGX'
);
INSERT INTO Loans VALUES (
	'dc25927b-98fd-4008-9a23-ef79a4b9be24',
	'ef55241e-3c9f-426e-8bd4-463e8693980f',
	'2018-04-12 09:33:38'
);

INSERT INTO MoneyTransactions VALUES (
	'9cc93c07-51ee-4217-a1b9-8b41d0a5e146',
	'2018-03-21 12:46:15',
	'2018-03-21 12:46:15',
	'e02182d5-b50f-4e5c-bb71-3f7a60b84ba3',
	'7f5c0fce-c388-4df1-8a8e-1a77291affe4',
	'1300',
	'UGX'
);
INSERT INTO Loans VALUES (
	'fe31e913-87a2-48a2-bb09-2d83b276653a',
	'9cc93c07-51ee-4217-a1b9-8b41d0a5e146',
	'2018-04-21 12:46:15'
);

INSERT INTO MoneyTransactions VALUES (
	'a71c1ee6-db0d-4044-b873-c172ddc04934',
	'2018-03-12 15:03:33',
	'2018-03-12 15:03:33',
	'90278984-afdb-428d-a0b8-2b96d860e287',
	'a2b121fd-1a1f-4425-97db-876af3c5bd2f',
	'1600',
	'UGX'
);
INSERT INTO Loans VALUES (
	'433d66eb-7d72-4b5e-9ea3-58e6dfe3d8a0',
	'a71c1ee6-db0d-4044-b873-c172ddc04934',
	'2018-04-12 15:03:33'
);

INSERT INTO MoneyTransactions VALUES (
	'582ad19f-cdec-4c59-bb1c-056d381f93fd',
	'2018-02-28 19:44:53',
	'2018-02-28 19:44:53',
	'78519d1b-43e6-4cdd-a091-2f52614cfd95',
	'2fc0977d-c49b-47e8-9a03-090c5c65792d',
	'900',
	'UGX'
);
INSERT INTO Loans VALUES (
	'9e2c5ee2-c7d0-45f6-9287-69ce90f94a4a',
	'582ad19f-cdec-4c59-bb1c-056d381f93fd',
	'2018-03-28 19:44:53'
);

INSERT INTO MoneyTransactions VALUES (
	'959457fb-fbb4-4caa-a64e-cbdb216a13cf',
	'2018-02-13 12:11:46',
	'2018-02-13 12:11:46',
	'82df81c5-e9d6-4389-b52c-0461f4f9c48e',
	'7f5c0fce-c388-4df1-8a8e-1a77291affe4',
	'1700',
	'UGX'
);
INSERT INTO Loans VALUES (
	'c9cce249-e8d6-40ca-84fa-e0c8ca532455',
	'959457fb-fbb4-4caa-a64e-cbdb216a13cf',
	'2018-03-13 12:11:46'
);

INSERT INTO MoneyTransactions VALUES (
	'9b942e5e-2606-45ce-ad90-52c89f3649a7',
	'2018-02-03 09:13:15',
	'2018-02-03 09:13:15',
	'90278984-afdb-428d-a0b8-2b96d860e287',
	'a2b121fd-1a1f-4425-97db-876af3c5bd2f',
	'1600',
	'UGX'
);
INSERT INTO Loans VALUES (
	'ccfff21d-7691-4339-8247-c7002a1427f5',
	'9b942e5e-2606-45ce-ad90-52c89f3649a7',
	'2018-03-03 09:13:15'
);

INSERT INTO MoneyTransactions VALUES (
	'1aac267b-bb71-45e8-87de-423217793c95',
	'2018-03-10 11:48:12',
	'2018-03-10 11:48:12',
	'90278984-afdb-428d-a0b8-2b96d860e287',
	'2fc0977d-c49b-47e8-9a03-090c5c65792d',
	'1500',
	'UGX'
);
INSERT INTO Loans VALUES (
	'137e5c4a-1468-4735-946a-bb8b064a860b',
	'1aac267b-bb71-45e8-87de-423217793c95',
	'2018-04-10 11:48:12'
);

INSERT INTO MoneyTransactions VALUES (
	'9bda216b-e329-47b1-932e-4bd96a3a6174',
	'2018-03-17 18:04:43',
	'2018-03-17 18:04:43',
	'ca225efc-fc3c-4dcb-b2e0-ae466c9b20c9',
	'7f5c0fce-c388-4df1-8a8e-1a77291affe4',
	'1700',
	'UGX'
);
INSERT INTO Loans VALUES (
	'e1cb9f13-469a-4623-bc94-a1ad3e72f320',
	'9bda216b-e329-47b1-932e-4bd96a3a6174',
	'2018-04-17 18:04:43'
);

INSERT INTO MoneyTransactions VALUES (
	'6ffe59f8-e52e-4219-a3eb-73e1b01cc7e0',
	'2018-04-01 22:36:03',
	'2018-04-01 22:36:03',
	'ca225efc-fc3c-4dcb-b2e0-ae466c9b20c9',
	'a2b121fd-1a1f-4425-97db-876af3c5bd2f',
	'900',
	'UGX'
);
INSERT INTO Loans VALUES (
	'0ad5c2a6-253e-4e01-b3d9-f451a4774ec9',
	'6ffe59f8-e52e-4219-a3eb-73e1b01cc7e0',
	'2018-04-01 22:36:03'
);

INSERT INTO MoneyTransactions VALUES (
	'9408bf51-998e-4ae8-8d39-bf655d3f6968',
	'2018-02-07 11:21:57',
	'2018-02-07 11:21:57',
	'90278984-afdb-428d-a0b8-2b96d860e287',
	'2fc0977d-c49b-47e8-9a03-090c5c65792d',
	'1200',
	'UGX'
);
INSERT INTO Loans VALUES (
	'fe2fd77b-16ea-4c64-b425-63e3aa8b64f0',
	'9408bf51-998e-4ae8-8d39-bf655d3f6968',
	'2018-03-07 11:21:57'
);

INSERT INTO MoneyTransactions VALUES (
	'b77b9dd8-c690-4fbc-b658-0dcd7a406017',
	'2018-03-17 21:33:38',
	'2018-03-17 21:33:38',
	'538f94d9-cf7a-4ac5-87ee-b139d59531f3',
	'7f5c0fce-c388-4df1-8a8e-1a77291affe4',
	'2000',
	'UGX'
);
INSERT INTO Loans VALUES (
	'f84d9ba4-87b0-438b-912b-ed26bcc2042a',
	'b77b9dd8-c690-4fbc-b658-0dcd7a406017',
	'2018-04-17 21:33:38'
);

INSERT INTO MoneyTransactions VALUES (
	'f18841ae-faff-4a7d-8ea6-e83c3270ea09',
	'2018-02-04 08:48:08',
	'2018-02-04 08:48:08',
	'78519d1b-43e6-4cdd-a091-2f52614cfd95',
	'a2b121fd-1a1f-4425-97db-876af3c5bd2f',
	'600',
	'UGX'
);
INSERT INTO Loans VALUES (
	'bf1c78eb-f440-4a7f-89d8-4ed5b9f837f2',
	'f18841ae-faff-4a7d-8ea6-e83c3270ea09',
	'2018-03-04 08:48:08'
);

INSERT INTO MoneyTransactions VALUES (
	'99460075-1e0c-45bc-9f43-7bf1c5f9fdc0',
	'2018-03-22 07:17:51',
	'2018-03-22 07:17:51',
	'ca225efc-fc3c-4dcb-b2e0-ae466c9b20c9',
	'2fc0977d-c49b-47e8-9a03-090c5c65792d',
	'1000',
	'UGX'
);
INSERT INTO Loans VALUES (
	'eda23854-6908-4b92-b41b-2e7d0df16bfb',
	'99460075-1e0c-45bc-9f43-7bf1c5f9fdc0',
	'2018-04-22 07:17:51'
);

INSERT INTO MoneyTransactions VALUES (
	'53ab5ad6-7b33-4c3b-97bf-856cc9da4cf3',
	'2018-02-17 19:14:03',
	'2018-02-17 19:14:03',
	'90278984-afdb-428d-a0b8-2b96d860e287',
	'7f5c0fce-c388-4df1-8a8e-1a77291affe4',
	'1600',
	'UGX'
);
INSERT INTO Loans VALUES (
	'96b9c401-4eca-4b0a-a32c-52289db02619',
	'53ab5ad6-7b33-4c3b-97bf-856cc9da4cf3',
	'2018-03-17 19:14:03'
);

INSERT INTO MoneyTransactions VALUES (
	'e4a98169-7174-4621-8ebe-2208a0d4235a',
	'2018-03-21 23:20:32',
	'2018-03-21 23:20:32',
	'ca225efc-fc3c-4dcb-b2e0-ae466c9b20c9',
	'a2b121fd-1a1f-4425-97db-876af3c5bd2f',
	'1800',
	'UGX'
);
INSERT INTO Loans VALUES (
	'8685de80-4201-4907-8a47-bf144215c7b1',
	'e4a98169-7174-4621-8ebe-2208a0d4235a',
	'2018-04-21 23:20:32'
);

INSERT INTO MoneyTransactions VALUES (
	'1892370a-e3e6-4d80-8849-1e0e1af39213',
	'2018-02-12 17:30:01',
	'2018-02-12 17:30:01',
	'ca225efc-fc3c-4dcb-b2e0-ae466c9b20c9',
	'2fc0977d-c49b-47e8-9a03-090c5c65792d',
	'1000',
	'UGX'
);
INSERT INTO Loans VALUES (
	'b1a2efc5-9116-4748-a1b6-b231b9cb78bd',
	'1892370a-e3e6-4d80-8849-1e0e1af39213',
	'2018-03-12 17:30:01'
);

INSERT INTO MoneyTransactions VALUES (
	'8face026-a5e2-4c6b-9538-2a7d5f4af1c3',
	'2018-03-03 21:05:04',
	'2018-03-03 21:05:04',
	'2aef91dd-7e10-4d35-be0b-8f16b2789459',
	'7f5c0fce-c388-4df1-8a8e-1a77291affe4',
	'600',
	'UGX'
);
INSERT INTO Loans VALUES (
	'867c1326-9183-4c26-b498-30b53e829155',
	'8face026-a5e2-4c6b-9538-2a7d5f4af1c3',
	'2018-04-03 21:05:04'
);

INSERT INTO MoneyTransactions VALUES (
	'250d6b76-1c3b-41b3-a59b-2e683bffb4f1',
	'2018-03-27 01:02:10',
	'2018-03-27 01:02:10',
	'ca225efc-fc3c-4dcb-b2e0-ae466c9b20c9',
	'2fc0977d-c49b-47e8-9a03-090c5c65792d',
	'1500',
	'UGX'
);
INSERT INTO Loans VALUES (
	'7fe6d242-1dc5-4142-a058-31f196f15e0d',
	'250d6b76-1c3b-41b3-a59b-2e683bffb4f1',
	'2018-04-27 01:02:10'
);

INSERT INTO MoneyTransactions VALUES (
	'9bdd8349-073a-4746-b23b-f0125e1e72fb',
	'2018-02-01 00:16:03',
	'2018-02-01 00:16:03',
	'78519d1b-43e6-4cdd-a091-2f52614cfd95',
	'7f5c0fce-c388-4df1-8a8e-1a77291affe4',
	'500',
	'UGX'
);
INSERT INTO Loans VALUES (
	'91db40c8-7608-47c4-b85f-b003623cae40',
	'9bdd8349-073a-4746-b23b-f0125e1e72fb',
	'2018-03-01 00:16:03'
);

INSERT INTO MoneyTransactions VALUES (
	'2828e816-f0f8-4094-a17c-1cf634e88c33',
	'2018-03-07 03:31:00',
	'2018-03-07 03:31:00',
	'e02182d5-b50f-4e5c-bb71-3f7a60b84ba3',
	'2fc0977d-c49b-47e8-9a03-090c5c65792d',
	'1000',
	'UGX'
);
INSERT INTO Loans VALUES (
	'e71a45c1-89e1-40a5-afe2-ff95ef76cb55',
	'2828e816-f0f8-4094-a17c-1cf634e88c33',
	'2018-04-07 03:31:00'
);

INSERT INTO MoneyTransactions VALUES (
	'7ea56386-279c-4862-a10c-5cfcf78bc155',
	'2018-02-14 10:44:19',
	'2018-02-14 10:44:19',
	'ca225efc-fc3c-4dcb-b2e0-ae466c9b20c9',
	'7f5c0fce-c388-4df1-8a8e-1a77291affe4',
	'800',
	'UGX'
);
INSERT INTO Loans VALUES (
	'e007b6a7-6d05-4371-975e-253421389d0f',
	'7ea56386-279c-4862-a10c-5cfcf78bc155',
	'2018-03-14 10:44:19'
);

INSERT INTO MoneyTransactions VALUES (
	'4f6420fe-505b-4aa3-8d3b-d9f22ee603bb',
	'2018-02-24 15:41:31',
	'2018-02-24 15:41:31',
	'e02182d5-b50f-4e5c-bb71-3f7a60b84ba3',
	'2fc0977d-c49b-47e8-9a03-090c5c65792d',
	'1300',
	'UGX'
);
INSERT INTO Loans VALUES (
	'c17beefb-a650-44a9-a6d5-9699d2f0c3b8',
	'4f6420fe-505b-4aa3-8d3b-d9f22ee603bb',
	'2018-03-24 15:41:31'
);

INSERT INTO MoneyTransactions VALUES (
	'db8b3523-6471-4807-87cd-77c5db2cf865',
	'2018-02-28 00:44:20',
	'2018-02-28 00:44:20',
	'ca225efc-fc3c-4dcb-b2e0-ae466c9b20c9',
	'7f5c0fce-c388-4df1-8a8e-1a77291affe4',
	'1100',
	'UGX'
);
INSERT INTO Loans VALUES (
	'e5aaa9e9-ddc9-45d9-a2ff-61ad3ed4b13e',
	'db8b3523-6471-4807-87cd-77c5db2cf865',
	'2018-03-28 00:44:20'
);

INSERT INTO MoneyTransactions VALUES (
	'6bcfc24c-e780-4c3c-a0e8-db3453f11916',
	'2018-03-27 09:59:26',
	'2018-03-27 09:59:26',
	'90278984-afdb-428d-a0b8-2b96d860e287',
	'2fc0977d-c49b-47e8-9a03-090c5c65792d',
	'1100',
	'UGX'
);
INSERT INTO Loans VALUES (
	'cd8b97d4-3abf-4033-bcd0-538b5f703250',
	'6bcfc24c-e780-4c3c-a0e8-db3453f11916',
	'2018-04-27 09:59:26'
);

INSERT INTO MoneyTransactions VALUES (
	'c3c30a7d-ccf8-4863-a6d9-13adc92bc394',
	'2018-02-27 04:31:43',
	'2018-02-27 04:31:43',
	'78519d1b-43e6-4cdd-a091-2f52614cfd95',
	'7f5c0fce-c388-4df1-8a8e-1a77291affe4',
	'600',
	'UGX'
);
INSERT INTO Loans VALUES (
	'755d990c-9221-42fa-bd09-0024ed3d1bf4',
	'c3c30a7d-ccf8-4863-a6d9-13adc92bc394',
	'2018-03-27 04:31:43'
);

INSERT INTO MoneyTransactions VALUES (
	'58e3544c-48a6-44d1-b589-bd4d4a34c526',
	'2018-02-09 11:27:40',
	'2018-02-09 11:27:40',
	'90278984-afdb-428d-a0b8-2b96d860e287',
	'2fc0977d-c49b-47e8-9a03-090c5c65792d',
	'1600',
	'UGX'
);
INSERT INTO Loans VALUES (
	'a1d3938f-ee89-4117-b484-6cd8b786223c',
	'58e3544c-48a6-44d1-b589-bd4d4a34c526',
	'2018-03-09 11:27:40'
);

INSERT INTO MoneyTransactions VALUES (
	'87979b78-3149-43fd-aa19-4dba72d0fe8e',
	'2018-03-13 08:19:28',
	'2018-03-13 08:19:28',
	'82df81c5-e9d6-4389-b52c-0461f4f9c48e',
	'7f5c0fce-c388-4df1-8a8e-1a77291affe4',
	'1100',
	'UGX'
);
INSERT INTO Loans VALUES (
	'4a418f01-3c1c-4310-ae39-fabcac05e8e3',
	'87979b78-3149-43fd-aa19-4dba72d0fe8e',
	'2018-04-13 08:19:28'
);

INSERT INTO MoneyTransactions VALUES (
	'c02d6612-108b-4ff6-9cdc-78ae183467ee',
	'2018-03-08 14:22:15',
	'2018-03-08 14:22:15',
	'78519d1b-43e6-4cdd-a091-2f52614cfd95',
	'2fc0977d-c49b-47e8-9a03-090c5c65792d',
	'1400',
	'UGX'
);
INSERT INTO Loans VALUES (
	'79e39a7a-5da7-4341-99e8-e0e53252195b',
	'c02d6612-108b-4ff6-9cdc-78ae183467ee',
	'2018-04-08 14:22:15'
);

INSERT INTO MoneyTransactions VALUES (
	'3967b3d9-d72f-4e17-b110-4c659b466e53',
	'2018-03-20 14:41:49',
	'2018-03-20 14:41:49',
	'2aef91dd-7e10-4d35-be0b-8f16b2789459',
	'7f5c0fce-c388-4df1-8a8e-1a77291affe4',
	'700',
	'UGX'
);
INSERT INTO Loans VALUES (
	'99da2ef1-0eed-4a83-a233-82adcf4a3f76',
	'3967b3d9-d72f-4e17-b110-4c659b466e53',
	'2018-04-20 14:41:49'
);

INSERT INTO MoneyTransactions VALUES (
	'7eece1df-98ba-47f3-90eb-e77987f5667c',
	'2018-02-24 09:32:25',
	'2018-02-24 09:32:25',
	'2aef91dd-7e10-4d35-be0b-8f16b2789459',
	'2fc0977d-c49b-47e8-9a03-090c5c65792d',
	'800',
	'UGX'
);
INSERT INTO Loans VALUES (
	'f654dd9e-79a1-4fde-8f06-1c1470803006',
	'7eece1df-98ba-47f3-90eb-e77987f5667c',
	'2018-03-24 09:32:25'
);

INSERT INTO MoneyTransactions VALUES (
	'eade6d54-934c-4652-85ec-f7cf457af863',
	'2018-02-02 11:40:45',
	'2018-02-02 11:40:45',
	'ca225efc-fc3c-4dcb-b2e0-ae466c9b20c9',
	'7f5c0fce-c388-4df1-8a8e-1a77291affe4',
	'1700',
	'UGX'
);
INSERT INTO Loans VALUES (
	'3b9c577a-096d-40a4-aedf-d0ee934859a0',
	'eade6d54-934c-4652-85ec-f7cf457af863',
	'2018-03-02 11:40:45'
);

INSERT INTO MoneyTransactions VALUES (
	'6fc9ceb2-0fa2-4c32-a251-de6a271f13a8',
	'2018-03-28 05:56:16',
	'2018-03-28 05:56:16',
	'e02182d5-b50f-4e5c-bb71-3f7a60b84ba3',
	'2fc0977d-c49b-47e8-9a03-090c5c65792d',
	'700',
	'UGX'
);
INSERT INTO Loans VALUES (
	'ddbedfe5-f52f-4297-841e-7c31bba22009',
	'6fc9ceb2-0fa2-4c32-a251-de6a271f13a8',
	'2018-04-28 05:56:16'
);

INSERT INTO MoneyTransactions VALUES (
	'bcfb51cc-9993-4044-a363-3b130afa63fb',
	'2018-03-26 03:25:22',
	'2018-03-26 03:25:22',
	'90278984-afdb-428d-a0b8-2b96d860e287',
	'7f5c0fce-c388-4df1-8a8e-1a77291affe4',
	'800',
	'UGX'
);
INSERT INTO Loans VALUES (
	'ea52c372-6a1c-4569-9bab-9d15df1fc5ff',
	'bcfb51cc-9993-4044-a363-3b130afa63fb',
	'2018-04-26 03:25:22'
);

INSERT INTO MoneyTransactions VALUES (
	'e06ce179-c80d-4cf7-a6df-657f4cd099b6',
	'2018-03-10 23:24:08',
	'2018-03-10 23:24:08',
	'90278984-afdb-428d-a0b8-2b96d860e287',
	'2fc0977d-c49b-47e8-9a03-090c5c65792d',
	'1600',
	'UGX'
);
INSERT INTO Loans VALUES (
	'195789fe-e8e0-4a8b-a67f-e2f7a8a98400',
	'e06ce179-c80d-4cf7-a6df-657f4cd099b6',
	'2018-04-10 23:24:08'
);

INSERT INTO MoneyTransactions VALUES (
	'533397ad-caec-4510-a0a1-132287fcd7f9',
	'2018-03-17 08:03:35',
	'2018-03-17 08:03:35',
	'90278984-afdb-428d-a0b8-2b96d860e287',
	'7f5c0fce-c388-4df1-8a8e-1a77291affe4',
	'800',
	'UGX'
);
INSERT INTO Loans VALUES (
	'1407791f-4c94-47dd-b3f4-e14c08373758',
	'533397ad-caec-4510-a0a1-132287fcd7f9',
	'2018-04-17 08:03:35'
);

INSERT INTO MoneyTransactions VALUES (
	'0159e491-1d88-46e9-af3b-2f51c24bd11a',
	'2018-03-01 08:36:35',
	'2018-03-01 08:36:35',
	'78519d1b-43e6-4cdd-a091-2f52614cfd95',
	'2fc0977d-c49b-47e8-9a03-090c5c65792d',
	'1100',
	'UGX'
);
INSERT INTO Loans VALUES (
	'13f94cdb-c8e4-469f-a09d-cdacce8e78ac',
	'0159e491-1d88-46e9-af3b-2f51c24bd11a',
	'2018-04-01 08:36:35'
);

INSERT INTO MoneyTransactions VALUES (
	'17fcd0c4-b5bb-4f39-8273-0242911fef81',
	'2018-03-05 04:18:42',
	'2018-03-05 04:18:42',
	'ca225efc-fc3c-4dcb-b2e0-ae466c9b20c9',
	'7f5c0fce-c388-4df1-8a8e-1a77291affe4',
	'700',
	'UGX'
);
INSERT INTO Loans VALUES (
	'ce8b3c5a-dc9b-4d35-b31f-76c9d4c2816a',
	'17fcd0c4-b5bb-4f39-8273-0242911fef81',
	'2018-04-05 04:18:42'
);

INSERT INTO MoneyTransactions VALUES (
	'025ec106-66b1-43ae-986f-d47391918f1b',
	'2018-03-20 01:23:52',
	'2018-03-20 01:23:52',
	'90278984-afdb-428d-a0b8-2b96d860e287',
	'2fc0977d-c49b-47e8-9a03-090c5c65792d',
	'1400',
	'UGX'
);
INSERT INTO Loans VALUES (
	'47195821-567b-4e0a-b32a-f09d7d819e30',
	'025ec106-66b1-43ae-986f-d47391918f1b',
	'2018-04-20 01:23:52'
);

INSERT INTO MoneyTransactions VALUES (
	'f3d17b47-2a58-4ad1-b45a-fda633f30d7c',
	'2018-03-05 08:15:34',
	'2018-03-05 08:15:34',
	'90278984-afdb-428d-a0b8-2b96d860e287',
	'7f5c0fce-c388-4df1-8a8e-1a77291affe4',
	'1000',
	'UGX'
);
INSERT INTO Loans VALUES (
	'798ee36e-f8e2-408a-ba53-b04fc48be751',
	'f3d17b47-2a58-4ad1-b45a-fda633f30d7c',
	'2018-04-05 08:15:34'
);

INSERT INTO MoneyTransactions VALUES (
	'1da086e0-f304-4f38-a462-4a3fb4e177c4',
	'2018-02-23 03:07:28',
	'2018-02-23 03:07:28',
	'e02182d5-b50f-4e5c-bb71-3f7a60b84ba3',
	'2fc0977d-c49b-47e8-9a03-090c5c65792d',
	'1600',
	'UGX'
);
INSERT INTO Loans VALUES (
	'556da836-7c99-4eb2-be4c-0a520b5e5358',
	'1da086e0-f304-4f38-a462-4a3fb4e177c4',
	'2018-03-23 03:07:28'
);

INSERT INTO MoneyTransactions VALUES (
	'b3c69873-b831-4e27-b9cf-4f3330dcc557',
	'2018-03-18 12:36:05',
	'2018-03-18 12:36:05',
	'78519d1b-43e6-4cdd-a091-2f52614cfd95',
	'7f5c0fce-c388-4df1-8a8e-1a77291affe4',
	'1700',
	'UGX'
);
INSERT INTO Loans VALUES (
	'cdb17ca0-8b8a-4ff4-aee7-ba31052d104d',
	'b3c69873-b831-4e27-b9cf-4f3330dcc557',
	'2018-04-18 12:36:05'
);

INSERT INTO MoneyTransactions VALUES (
	'30ba84eb-2cb9-448b-a46b-f79be5c7ffb8',
	'2018-02-04 07:20:50',
	'2018-02-04 07:20:50',
	'e02182d5-b50f-4e5c-bb71-3f7a60b84ba3',
	'2fc0977d-c49b-47e8-9a03-090c5c65792d',
	'700',
	'UGX'
);
INSERT INTO Loans VALUES (
	'e08fd583-6be6-474d-8af2-4ba9b0f5267c',
	'30ba84eb-2cb9-448b-a46b-f79be5c7ffb8',
	'2018-03-04 07:20:50'
);

INSERT INTO MoneyTransactions VALUES (
	'8d9656e6-1c71-48e2-b472-3b7ecb5c7d00',
	'2018-03-30 18:40:08',
	'2018-03-30 18:40:08',
	'ca225efc-fc3c-4dcb-b2e0-ae466c9b20c9',
	'7f5c0fce-c388-4df1-8a8e-1a77291affe4',
	'700',
	'UGX'
);
INSERT INTO Loans VALUES (
	'a3aa6a8a-3d0a-41db-a194-6e928c23c458',
	'8d9656e6-1c71-48e2-b472-3b7ecb5c7d00',
	'2018-04-30 18:40:08'
);

INSERT INTO MoneyTransactions VALUES (
	'4eb535bd-0132-45f3-8da2-31aa1eb9d00b',
	'2018-03-30 07:23:13',
	'2018-03-30 07:23:13',
	'78519d1b-43e6-4cdd-a091-2f52614cfd95',
	'2fc0977d-c49b-47e8-9a03-090c5c65792d',
	'900',
	'UGX'
);
INSERT INTO Loans VALUES (
	'4877347d-70ac-42f0-a9b2-c4a8a680cb43',
	'4eb535bd-0132-45f3-8da2-31aa1eb9d00b',
	'2018-04-30 07:23:13'
);

INSERT INTO MoneyTransactions VALUES (
	'68a5b8f8-0c0e-4efd-8c3f-4c84c4fc8fa9',
	'2018-02-22 20:53:55',
	'2018-02-22 20:53:55',
	'ca225efc-fc3c-4dcb-b2e0-ae466c9b20c9',
	'7f5c0fce-c388-4df1-8a8e-1a77291affe4',
	'1900',
	'UGX'
);
INSERT INTO Loans VALUES (
	'1d35c08c-881e-41db-8a82-a52b8d9ff46e',
	'68a5b8f8-0c0e-4efd-8c3f-4c84c4fc8fa9',
	'2018-03-22 20:53:55'
);

INSERT INTO MoneyTransactions VALUES (
	'd0c9a5d4-ad9f-4688-ac1c-bf3a434fc656',
	'2018-03-09 17:14:21',
	'2018-03-09 17:14:21',
	'ca225efc-fc3c-4dcb-b2e0-ae466c9b20c9',
	'a2b121fd-1a1f-4425-97db-876af3c5bd2f',
	'1300',
	'UGX'
);
INSERT INTO Loans VALUES (
	'ca08955b-6357-464a-bc3c-82551129072c',
	'd0c9a5d4-ad9f-4688-ac1c-bf3a434fc656',
	'2018-04-09 17:14:21'
);

INSERT INTO MoneyTransactions VALUES (
	'090bf9c3-c618-4517-9d0a-ae7dff8cb41d',
	'2018-02-18 16:42:41',
	'2018-02-18 16:42:41',
	'90278984-afdb-428d-a0b8-2b96d860e287',
	'2fc0977d-c49b-47e8-9a03-090c5c65792d',
	'1200',
	'UGX'
);
INSERT INTO Loans VALUES (
	'0cbc53d8-5be7-4cf9-9e38-8d7f5737a1e8',
	'090bf9c3-c618-4517-9d0a-ae7dff8cb41d',
	'2018-03-18 16:42:41'
);

INSERT INTO MoneyTransactions VALUES (
	'098d1fbd-b3d1-43b2-b7e9-a9724d5f5f07',
	'2018-03-30 08:37:30',
	'2018-03-30 08:37:30',
	'ca225efc-fc3c-4dcb-b2e0-ae466c9b20c9',
	'7f5c0fce-c388-4df1-8a8e-1a77291affe4',
	'1900',
	'UGX'
);
INSERT INTO Loans VALUES (
	'9e60fcb3-d286-488a-8731-dc47da032099',
	'098d1fbd-b3d1-43b2-b7e9-a9724d5f5f07',
	'2018-04-30 08:37:30'
);

INSERT INTO MoneyTransactions VALUES (
	'08aa6720-7f90-4f6d-8ce5-41116a243e37',
	'2018-02-10 11:38:45',
	'2018-02-10 11:38:45',
	'78519d1b-43e6-4cdd-a091-2f52614cfd95',
	'a2b121fd-1a1f-4425-97db-876af3c5bd2f',
	'700',
	'UGX'
);
INSERT INTO Loans VALUES (
	'54875558-c4cc-4073-976a-0aff2fc12d81',
	'08aa6720-7f90-4f6d-8ce5-41116a243e37',
	'2018-03-10 11:38:45'
);

INSERT INTO MoneyTransactions VALUES (
	'cd674d36-b90c-4449-86cf-8042f35a5022',
	'2018-03-26 06:39:45',
	'2018-03-26 06:39:45',
	'78519d1b-43e6-4cdd-a091-2f52614cfd95',
	'2fc0977d-c49b-47e8-9a03-090c5c65792d',
	'1000',
	'UGX'
);
INSERT INTO Loans VALUES (
	'ce84a2c8-9768-4d0a-bc8f-5327e1106bb9',
	'cd674d36-b90c-4449-86cf-8042f35a5022',
	'2018-04-26 06:39:45'
);

INSERT INTO MoneyTransactions VALUES (
	'f750641d-e2a7-424e-9616-64aedf1d11eb',
	'2018-03-07 02:59:49',
	'2018-03-07 02:59:49',
	'ca225efc-fc3c-4dcb-b2e0-ae466c9b20c9',
	'7f5c0fce-c388-4df1-8a8e-1a77291affe4',
	'1900',
	'UGX'
);
INSERT INTO Loans VALUES (
	'c0eb1fbf-8ac3-4472-98d9-e138332b107b',
	'f750641d-e2a7-424e-9616-64aedf1d11eb',
	'2018-04-07 02:59:49'
);

INSERT INTO MoneyTransactions VALUES (
	'cb6af7d2-ca36-465e-9fe3-ea9412911f2e',
	'2018-03-14 23:09:41',
	'2018-03-14 23:09:41',
	'ca225efc-fc3c-4dcb-b2e0-ae466c9b20c9',
	'a2b121fd-1a1f-4425-97db-876af3c5bd2f',
	'800',
	'UGX'
);
INSERT INTO Loans VALUES (
	'fb5f5e93-1a85-47e9-954d-01d334e69513',
	'cb6af7d2-ca36-465e-9fe3-ea9412911f2e',
	'2018-04-14 23:09:41'
);

INSERT INTO MoneyTransactions VALUES (
	'9c8daa84-9ef0-4ed1-9097-d590907ca2f6',
	'2018-02-24 01:24:47',
	'2018-02-24 01:24:47',
	'e02182d5-b50f-4e5c-bb71-3f7a60b84ba3',
	'2fc0977d-c49b-47e8-9a03-090c5c65792d',
	'1300',
	'UGX'
);
INSERT INTO Loans VALUES (
	'689eae50-caba-4811-9bfc-39cf4c87fef7',
	'9c8daa84-9ef0-4ed1-9097-d590907ca2f6',
	'2018-03-24 01:24:47'
);

INSERT INTO MoneyTransactions VALUES (
	'c86218dd-19f9-49b4-a89e-2dbecab42afd',
	'2018-03-07 00:57:05',
	'2018-03-07 00:57:05',
	'2aef91dd-7e10-4d35-be0b-8f16b2789459',
	'7f5c0fce-c388-4df1-8a8e-1a77291affe4',
	'600',
	'UGX'
);
INSERT INTO Loans VALUES (
	'a2d70df3-1290-46d3-84ff-2564e0aba48c',
	'c86218dd-19f9-49b4-a89e-2dbecab42afd',
	'2018-04-07 00:57:05'
);

INSERT INTO MoneyTransactions VALUES (
	'3928e9ee-8313-4250-9b70-4241191ca31c',
	'2018-03-22 11:23:14',
	'2018-03-22 11:23:14',
	'ca225efc-fc3c-4dcb-b2e0-ae466c9b20c9',
	'a2b121fd-1a1f-4425-97db-876af3c5bd2f',
	'1600',
	'UGX'
);
INSERT INTO Loans VALUES (
	'87e338bd-809c-44a8-9beb-b21bba052f39',
	'3928e9ee-8313-4250-9b70-4241191ca31c',
	'2018-04-22 11:23:14'
);

INSERT INTO MoneyTransactions VALUES (
	'77ac4e66-0a3f-46b3-80f7-8460cb6ccadf',
	'2018-03-25 11:52:00',
	'2018-03-25 11:52:00',
	'90278984-afdb-428d-a0b8-2b96d860e287',
	'2fc0977d-c49b-47e8-9a03-090c5c65792d',
	'500',
	'UGX'
);
INSERT INTO Loans VALUES (
	'd01057c3-d23c-459d-9638-23ebacfb179a',
	'77ac4e66-0a3f-46b3-80f7-8460cb6ccadf',
	'2018-04-25 11:52:00'
);

INSERT INTO MoneyTransactions VALUES (
	'f38ca503-1af7-4b1f-b476-8c0c87962e79',
	'2018-03-09 23:40:59',
	'2018-03-09 23:40:59',
	'2aef91dd-7e10-4d35-be0b-8f16b2789459',
	'7f5c0fce-c388-4df1-8a8e-1a77291affe4',
	'1700',
	'UGX'
);
INSERT INTO Loans VALUES (
	'da745409-5634-48e5-b6ea-034c42aa4a1f',
	'f38ca503-1af7-4b1f-b476-8c0c87962e79',
	'2018-04-09 23:40:59'
);

INSERT INTO MoneyTransactions VALUES (
	'119148b9-e608-40d4-b121-86a1de692527',
	'2018-03-01 07:49:31',
	'2018-03-01 07:49:31',
	'78519d1b-43e6-4cdd-a091-2f52614cfd95',
	'a2b121fd-1a1f-4425-97db-876af3c5bd2f',
	'1800',
	'UGX'
);
INSERT INTO Loans VALUES (
	'ca5a7f40-875c-43fa-806d-54500bf9e120',
	'119148b9-e608-40d4-b121-86a1de692527',
	'2018-04-01 07:49:31'
);

INSERT INTO MoneyTransactions VALUES (
	'a5f78b82-733c-4f30-a991-df7d5201c152',
	'2018-03-27 22:49:38',
	'2018-03-27 22:49:38',
	'90278984-afdb-428d-a0b8-2b96d860e287',
	'2fc0977d-c49b-47e8-9a03-090c5c65792d',
	'1600',
	'UGX'
);
INSERT INTO Loans VALUES (
	'517f4333-137c-4e94-a507-63e4d7fe5301',
	'a5f78b82-733c-4f30-a991-df7d5201c152',
	'2018-04-27 22:49:38'
);

INSERT INTO MoneyTransactions VALUES (
	'90fbe6c9-daed-4931-80b8-1d51c817e187',
	'2018-03-31 14:15:35',
	'2018-03-31 14:15:35',
	'ca225efc-fc3c-4dcb-b2e0-ae466c9b20c9',
	'7f5c0fce-c388-4df1-8a8e-1a77291affe4',
	'700',
	'UGX'
);
INSERT INTO Loans VALUES (
	'3c7497f1-6e3a-4da4-95b1-ba334cac7047',
	'90fbe6c9-daed-4931-80b8-1d51c817e187',
	'2018-04-30 14:15:35'
);

INSERT INTO MoneyTransactions VALUES (
	'37e9b6c0-5c72-4c67-bf22-fee80f272d5e',
	'2018-02-05 17:31:52',
	'2018-02-05 17:31:52',
	'78519d1b-43e6-4cdd-a091-2f52614cfd95',
	'a2b121fd-1a1f-4425-97db-876af3c5bd2f',
	'1900',
	'UGX'
);
INSERT INTO Loans VALUES (
	'721a80d2-fd47-4aeb-9871-93348c3cb9b5',
	'37e9b6c0-5c72-4c67-bf22-fee80f272d5e',
	'2018-03-05 17:31:52'
);

INSERT INTO MoneyTransactions VALUES (
	'02bf657e-8b51-4ec4-9523-18d258d0ffc8',
	'2018-03-05 12:46:59',
	'2018-03-05 12:46:59',
	'78519d1b-43e6-4cdd-a091-2f52614cfd95',
	'2fc0977d-c49b-47e8-9a03-090c5c65792d',
	'1800',
	'UGX'
);
INSERT INTO Loans VALUES (
	'49aa1ac0-5dd9-4625-9f85-038a54ec8426',
	'02bf657e-8b51-4ec4-9523-18d258d0ffc8',
	'2018-04-05 12:46:59'
);

INSERT INTO MoneyTransactions VALUES (
	'fb411a6c-bb78-45c1-a8bb-c63abcae8aef',
	'2018-02-14 03:30:18',
	'2018-02-14 03:30:18',
	'2aef91dd-7e10-4d35-be0b-8f16b2789459',
	'7f5c0fce-c388-4df1-8a8e-1a77291affe4',
	'1500',
	'UGX'
);
INSERT INTO Loans VALUES (
	'fe66ea30-d4ba-4208-9a2a-6baadbf4b326',
	'fb411a6c-bb78-45c1-a8bb-c63abcae8aef',
	'2018-03-14 03:30:18'
);

INSERT INTO MoneyTransactions VALUES (
	'71c105e5-9426-4da2-b837-7c1247146968',
	'2018-02-11 03:11:58',
	'2018-02-11 03:11:58',
	'538f94d9-cf7a-4ac5-87ee-b139d59531f3',
	'a2b121fd-1a1f-4425-97db-876af3c5bd2f',
	'1000',
	'UGX'
);
INSERT INTO Loans VALUES (
	'42c04733-1500-401d-a58d-7a5b33485ea2',
	'71c105e5-9426-4da2-b837-7c1247146968',
	'2018-03-11 03:11:58'
);

INSERT INTO MoneyTransactions VALUES (
	'aecf2ff4-9be1-4ba4-96bd-e6f338b4dba9',
	'2018-02-02 18:42:39',
	'2018-02-02 18:42:39',
	'90278984-afdb-428d-a0b8-2b96d860e287',
	'2fc0977d-c49b-47e8-9a03-090c5c65792d',
	'1800',
	'UGX'
);
INSERT INTO Loans VALUES (
	'3b853348-9c9c-4557-9c62-8a71457d54b6',
	'aecf2ff4-9be1-4ba4-96bd-e6f338b4dba9',
	'2018-03-02 18:42:39'
);

INSERT INTO MoneyTransactions VALUES (
	'b61dfe31-a6e0-4ba3-8f81-6d0085ce15bb',
	'2018-03-14 10:14:10',
	'2018-03-14 10:14:10',
	'2aef91dd-7e10-4d35-be0b-8f16b2789459',
	'7f5c0fce-c388-4df1-8a8e-1a77291affe4',
	'1300',
	'UGX'
);
INSERT INTO Loans VALUES (
	'730870e1-2173-4294-a517-7415e8754610',
	'b61dfe31-a6e0-4ba3-8f81-6d0085ce15bb',
	'2018-04-14 10:14:10'
);

INSERT INTO MoneyTransactions VALUES (
	'ac51eeca-c6f2-4747-84df-e2dca99f49cb',
	'2018-02-19 05:34:05',
	'2018-02-19 05:34:05',
	'90278984-afdb-428d-a0b8-2b96d860e287',
	'a2b121fd-1a1f-4425-97db-876af3c5bd2f',
	'1100',
	'UGX'
);
INSERT INTO Loans VALUES (
	'2d764bbe-6afd-4c74-ac7b-52386dd14b43',
	'ac51eeca-c6f2-4747-84df-e2dca99f49cb',
	'2018-03-19 05:34:05'
);

INSERT INTO MoneyTransactions VALUES (
	'9adfe706-f566-4c0b-85ba-08cc79129b52',
	'2018-02-18 15:03:23',
	'2018-02-18 15:03:23',
	'90278984-afdb-428d-a0b8-2b96d860e287',
	'2fc0977d-c49b-47e8-9a03-090c5c65792d',
	'1800',
	'UGX'
);
INSERT INTO Loans VALUES (
	'f786ffa9-6965-41dd-95c8-94c072f84cd0',
	'9adfe706-f566-4c0b-85ba-08cc79129b52',
	'2018-03-18 15:03:23'
);

INSERT INTO MoneyTransactions VALUES (
	'd47da4f4-b1c1-4f94-9da4-a9e833509edf',
	'2018-02-21 23:16:32',
	'2018-02-21 23:16:32',
	'e02182d5-b50f-4e5c-bb71-3f7a60b84ba3',
	'7f5c0fce-c388-4df1-8a8e-1a77291affe4',
	'1800',
	'UGX'
);
INSERT INTO Loans VALUES (
	'9350bdcd-4996-4f3f-b871-5707f96df1d4',
	'd47da4f4-b1c1-4f94-9da4-a9e833509edf',
	'2018-03-21 23:16:32'
);

INSERT INTO MoneyTransactions VALUES (
	'0bb1d7af-76db-4209-bb7e-2062ec77fb6f',
	'2018-03-18 07:59:39',
	'2018-03-18 07:59:39',
	'e02182d5-b50f-4e5c-bb71-3f7a60b84ba3',
	'2fc0977d-c49b-47e8-9a03-090c5c65792d',
	'1100',
	'UGX'
);
INSERT INTO Loans VALUES (
	'8fa2107b-5a34-4677-9ab9-b29e2a1fd585',
	'0bb1d7af-76db-4209-bb7e-2062ec77fb6f',
	'2018-04-18 07:59:39'
);

INSERT INTO MoneyTransactions VALUES (
	'e8d861ee-d9ae-4930-8a96-251f9c115b79',
	'2018-03-24 04:50:00',
	'2018-03-24 04:50:00',
	'2aef91dd-7e10-4d35-be0b-8f16b2789459',
	'7f5c0fce-c388-4df1-8a8e-1a77291affe4',
	'900',
	'UGX'
);
INSERT INTO Loans VALUES (
	'dc91954f-c664-472a-85ff-0c3aa7f7f588',
	'e8d861ee-d9ae-4930-8a96-251f9c115b79',
	'2018-04-24 04:50:00'
);

INSERT INTO MoneyTransactions VALUES (
	'b1dad249-b9aa-462f-b479-45080a56530b',
	'2018-02-23 15:40:12',
	'2018-02-23 15:40:12',
	'2aef91dd-7e10-4d35-be0b-8f16b2789459',
	'2fc0977d-c49b-47e8-9a03-090c5c65792d',
	'800',
	'UGX'
);
INSERT INTO Loans VALUES (
	'1d6e9aff-3282-436b-b8f7-5a97f3629428',
	'b1dad249-b9aa-462f-b479-45080a56530b',
	'2018-03-23 15:40:12'
);

INSERT INTO MoneyTransactions VALUES (
	'8ceedab0-2e69-4c99-bdeb-4c5198d58eea',
	'2018-03-19 23:17:26',
	'2018-03-19 23:17:26',
	'78519d1b-43e6-4cdd-a091-2f52614cfd95',
	'7f5c0fce-c388-4df1-8a8e-1a77291affe4',
	'1800',
	'UGX'
);
INSERT INTO Loans VALUES (
	'4a5655dc-f26d-4df4-9046-8ca4f45ddf50',
	'8ceedab0-2e69-4c99-bdeb-4c5198d58eea',
	'2018-04-19 23:17:26'
);

INSERT INTO MoneyTransactions VALUES (
	'a97d206d-3c73-49e6-af1d-b3c5a84546b5',
	'2018-03-28 18:15:42',
	'2018-03-28 18:15:42',
	'78519d1b-43e6-4cdd-a091-2f52614cfd95',
	'2fc0977d-c49b-47e8-9a03-090c5c65792d',
	'1800',
	'UGX'
);
INSERT INTO Loans VALUES (
	'237f445b-5f36-49c7-8634-65f7dc990e1f',
	'a97d206d-3c73-49e6-af1d-b3c5a84546b5',
	'2018-04-28 18:15:42'
);

INSERT INTO MoneyTransactions VALUES (
	'30e096db-c41a-4a76-80f4-12de96be2117',
	'2018-03-17 16:33:05',
	'2018-03-17 16:33:05',
	'78519d1b-43e6-4cdd-a091-2f52614cfd95',
	'7f5c0fce-c388-4df1-8a8e-1a77291affe4',
	'1600',
	'UGX'
);
INSERT INTO Loans VALUES (
	'97dcba90-c009-4f42-a273-d49e67082372',
	'30e096db-c41a-4a76-80f4-12de96be2117',
	'2018-04-17 16:33:05'
);

INSERT INTO MoneyTransactions VALUES (
	'f043467f-0e0a-4bc2-ac3d-f94f014ec1a6',
	'2018-02-21 18:14:06',
	'2018-02-21 18:14:06',
	'90278984-afdb-428d-a0b8-2b96d860e287',
	'a2b121fd-1a1f-4425-97db-876af3c5bd2f',
	'1800',
	'UGX'
);
INSERT INTO Loans VALUES (
	'652151ac-1a3b-404b-a5f6-6b1d9499e1ca',
	'f043467f-0e0a-4bc2-ac3d-f94f014ec1a6',
	'2018-03-21 18:14:06'
);

INSERT INTO MoneyTransactions VALUES (
	'e82b1c7a-c878-4877-98b4-b0442d768982',
	'2018-03-03 07:06:27',
	'2018-03-03 07:06:27',
	'90278984-afdb-428d-a0b8-2b96d860e287',
	'2fc0977d-c49b-47e8-9a03-090c5c65792d',
	'700',
	'UGX'
);
INSERT INTO Loans VALUES (
	'4b648bfc-59c8-43e9-b57b-4f7e878faba4',
	'e82b1c7a-c878-4877-98b4-b0442d768982',
	'2018-04-03 07:06:27'
);

INSERT INTO MoneyTransactions VALUES (
	'9d71c48d-342a-419d-8d38-7a313f6d7a19',
	'2018-02-15 07:38:53',
	'2018-02-15 07:38:53',
	'78519d1b-43e6-4cdd-a091-2f52614cfd95',
	'7f5c0fce-c388-4df1-8a8e-1a77291affe4',
	'1700',
	'UGX'
);
INSERT INTO Loans VALUES (
	'77ae4d69-7434-44c6-98fe-dd3f5502a0f7',
	'9d71c48d-342a-419d-8d38-7a313f6d7a19',
	'2018-03-15 07:38:53'
);

INSERT INTO MoneyTransactions VALUES (
	'2e4b9427-0f95-4776-9463-4af176579d55',
	'2018-03-23 15:02:37',
	'2018-03-23 15:02:37',
	'2aef91dd-7e10-4d35-be0b-8f16b2789459',
	'a2b121fd-1a1f-4425-97db-876af3c5bd2f',
	'900',
	'UGX'
);
INSERT INTO Loans VALUES (
	'a0f87985-16e6-4bcb-b9f4-fb755bee1258',
	'2e4b9427-0f95-4776-9463-4af176579d55',
	'2018-04-23 15:02:37'
);

INSERT INTO MoneyTransactions VALUES (
	'648eb888-1056-4a19-92a2-1278b1d6c058',
	'2018-03-02 19:30:30',
	'2018-03-02 19:30:30',
	'78519d1b-43e6-4cdd-a091-2f52614cfd95',
	'2fc0977d-c49b-47e8-9a03-090c5c65792d',
	'900',
	'UGX'
);
INSERT INTO Loans VALUES (
	'c1c202ba-cd72-4130-8d66-036b3127146f',
	'648eb888-1056-4a19-92a2-1278b1d6c058',
	'2018-04-02 19:30:30'
);

-- PAYMENTS

INSERT INTO MoneyTransactions VALUES (
	'21dc7644-4ffe-482c-9a28-9f90b5cf12d5',
	'2018-02-12 13:37:22',
	'2018-02-12 13:37:22',
	'a2b121fd-1a1f-4425-97db-876af3c5bd2f',
	'f1af1bb8-e5f1-41a3-842c-f6f24bdeb08c',
	'134',
	'UGX'
);

INSERT INTO MoneyTransactions VALUES (
	'48b80e9d-76b6-4dc6-9621-604e0bfca3ca',
	'2018-02-02 06:09:44',
	'2018-02-02 06:09:44',
	'2fc0977d-c49b-47e8-9a03-090c5c65792d',
	'538f94d9-cf7a-4ac5-87ee-b139d59531f3',
	'217',
	'UGX'
);

INSERT INTO MoneyTransactions VALUES (
	'1ff188c9-e6e0-4b31-a466-ee67fe2baba7',
	'2018-02-01 14:46:58',
	'2018-02-01 14:46:58',
	'7f5c0fce-c388-4df1-8a8e-1a77291affe4',
	'82df81c5-e9d6-4389-b52c-0461f4f9c48e',
	'156',
	'UGX'
);

INSERT INTO MoneyTransactions VALUES (
	'd887fe49-0f6b-404c-90e4-8abc7320edb2',
	'2018-02-12 14:46:12',
	'2018-02-12 14:46:12',
	'a293e3a5-a88d-473b-9d4a-74a2153992f6',
	'e02182d5-b50f-4e5c-bb71-3f7a60b84ba3',
	'142',
	'UGX'
);

INSERT INTO MoneyTransactions VALUES (
	'63e6ec5d-2a33-49fc-8daa-6b009a637c03',
	'2018-02-14 13:27:15',
	'2018-02-14 13:27:15',
	'a2b121fd-1a1f-4425-97db-876af3c5bd2f',
	'2aef91dd-7e10-4d35-be0b-8f16b2789459',
	'443',
	'UGX'
);

INSERT INTO MoneyTransactions VALUES (
	'd2c1eb22-6b96-4052-b126-f1fa7a28de62',
	'2018-03-06 03:43:28',
	'2018-03-06 03:43:28',
	'2fc0977d-c49b-47e8-9a03-090c5c65792d',
	'ca225efc-fc3c-4dcb-b2e0-ae466c9b20c9',
	'132',
	'UGX'
);

INSERT INTO MoneyTransactions VALUES (
	'c3f3accc-9e75-4c0f-b45d-accf0f763228',
	'2018-03-20 20:39:41',
	'2018-03-20 20:39:41',
	'7f5c0fce-c388-4df1-8a8e-1a77291affe4',
	'78519d1b-43e6-4cdd-a091-2f52614cfd95',
	'216',
	'UGX'
);

INSERT INTO MoneyTransactions VALUES (
	'33de36e2-bace-47d7-b7d5-824ac8f681bc',
	'2018-02-01 12:18:02',
	'2018-02-01 12:18:02',
	'a293e3a5-a88d-473b-9d4a-74a2153992f6',
	'90278984-afdb-428d-a0b8-2b96d860e287',
	'396',
	'UGX'
);

INSERT INTO MoneyTransactions VALUES (
	'664109c0-9e66-41b0-a091-566c404281a1',
	'2018-02-01 08:59:29',
	'2018-02-01 08:59:29',
	'a2b121fd-1a1f-4425-97db-876af3c5bd2f',
	'f1af1bb8-e5f1-41a3-842c-f6f24bdeb08c',
	'397',
	'UGX'
);

INSERT INTO MoneyTransactions VALUES (
	'628ac960-6359-4b47-b5e6-eae825241c4c',
	'2018-02-20 11:16:11',
	'2018-02-20 11:16:11',
	'2fc0977d-c49b-47e8-9a03-090c5c65792d',
	'538f94d9-cf7a-4ac5-87ee-b139d59531f3',
	'324',
	'UGX'
);

INSERT INTO MoneyTransactions VALUES (
	'8a2b6cca-5475-4c9c-b897-44a71fbf625d',
	'2018-03-28 14:54:36',
	'2018-03-28 14:54:36',
	'7f5c0fce-c388-4df1-8a8e-1a77291affe4',
	'82df81c5-e9d6-4389-b52c-0461f4f9c48e',
	'467',
	'UGX'
);

INSERT INTO MoneyTransactions VALUES (
	'73aea816-df6e-4d73-897b-3fd08130dd30',
	'2018-03-16 19:30:00',
	'2018-03-16 19:30:00',
	'a293e3a5-a88d-473b-9d4a-74a2153992f6',
	'e02182d5-b50f-4e5c-bb71-3f7a60b84ba3',
	'101',
	'UGX'
);

INSERT INTO MoneyTransactions VALUES (
	'e5a6b0e3-1339-46a4-ad49-3d8ac8111334',
	'2018-02-03 00:39:37',
	'2018-02-03 00:39:37',
	'a2b121fd-1a1f-4425-97db-876af3c5bd2f',
	'2aef91dd-7e10-4d35-be0b-8f16b2789459',
	'236',
	'UGX'
);

INSERT INTO MoneyTransactions VALUES (
	'0c784415-802f-4d33-b0a3-29b338a8de13',
	'2018-04-01 03:24:20',
	'2018-04-01 03:24:20',
	'2fc0977d-c49b-47e8-9a03-090c5c65792d',
	'ca225efc-fc3c-4dcb-b2e0-ae466c9b20c9',
	'257',
	'UGX'
);

INSERT INTO MoneyTransactions VALUES (
	'695ac0bb-30dc-4bc9-83de-b1dbc65b20c3',
	'2018-03-04 20:43:40',
	'2018-03-04 20:43:40',
	'7f5c0fce-c388-4df1-8a8e-1a77291affe4',
	'78519d1b-43e6-4cdd-a091-2f52614cfd95',
	'438',
	'UGX'
);

INSERT INTO MoneyTransactions VALUES (
	'9c1dd0ed-e307-479a-bf45-2bfefa796c26',
	'2018-03-26 04:40:26',
	'2018-03-26 04:40:26',
	'a293e3a5-a88d-473b-9d4a-74a2153992f6',
	'90278984-afdb-428d-a0b8-2b96d860e287',
	'109',
	'UGX'
);

INSERT INTO MoneyTransactions VALUES (
	'5bd61e39-3085-4748-8598-3eccae41dcf3',
	'2018-02-01 23:09:36',
	'2018-02-01 23:09:36',
	'a2b121fd-1a1f-4425-97db-876af3c5bd2f',
	'f1af1bb8-e5f1-41a3-842c-f6f24bdeb08c',
	'237',
	'UGX'
);

INSERT INTO MoneyTransactions VALUES (
	'ce53f0d7-b0f9-434e-a886-eefe70d68b57',
	'2018-03-06 12:37:34',
	'2018-03-06 12:37:34',
	'2fc0977d-c49b-47e8-9a03-090c5c65792d',
	'538f94d9-cf7a-4ac5-87ee-b139d59531f3',
	'399',
	'UGX'
);

INSERT INTO MoneyTransactions VALUES (
	'57710bbe-7449-478c-b463-3cdda9d15b54',
	'2018-03-09 23:42:19',
	'2018-03-09 23:42:19',
	'7f5c0fce-c388-4df1-8a8e-1a77291affe4',
	'82df81c5-e9d6-4389-b52c-0461f4f9c48e',
	'359',
	'UGX'
);

INSERT INTO MoneyTransactions VALUES (
	'6291cf1c-79d8-4990-96df-5b0d4b3628a8',
	'2018-03-01 11:18:02',
	'2018-03-01 11:18:02',
	'a293e3a5-a88d-473b-9d4a-74a2153992f6',
	'e02182d5-b50f-4e5c-bb71-3f7a60b84ba3',
	'273',
	'UGX'
);

INSERT INTO MoneyTransactions VALUES (
	'2baa27f3-5718-414a-8394-70bca144f166',
	'2018-02-14 06:12:52',
	'2018-02-14 06:12:52',
	'a2b121fd-1a1f-4425-97db-876af3c5bd2f',
	'2aef91dd-7e10-4d35-be0b-8f16b2789459',
	'224',
	'UGX'
);

INSERT INTO MoneyTransactions VALUES (
	'99cb7ec0-bf42-4de5-aabe-9aa363f24ae3',
	'2018-02-11 07:42:13',
	'2018-02-11 07:42:13',
	'2fc0977d-c49b-47e8-9a03-090c5c65792d',
	'ca225efc-fc3c-4dcb-b2e0-ae466c9b20c9',
	'218',
	'UGX'
);

INSERT INTO MoneyTransactions VALUES (
	'de3d77dc-60b9-4aa2-82d8-2dfec8cf37f7',
	'2018-02-19 15:22:52',
	'2018-02-19 15:22:52',
	'7f5c0fce-c388-4df1-8a8e-1a77291affe4',
	'78519d1b-43e6-4cdd-a091-2f52614cfd95',
	'453',
	'UGX'
);

INSERT INTO MoneyTransactions VALUES (
	'0b0472a5-3adc-4898-b44d-7f11177e618f',
	'2018-03-22 05:14:20',
	'2018-03-22 05:14:20',
	'a293e3a5-a88d-473b-9d4a-74a2153992f6',
	'90278984-afdb-428d-a0b8-2b96d860e287',
	'431',
	'UGX'
);

INSERT INTO MoneyTransactions VALUES (
	'ad064e80-c8fe-4468-a3ac-5e2487cf77f4',
	'2018-03-27 06:28:45',
	'2018-03-27 06:28:45',
	'a2b121fd-1a1f-4425-97db-876af3c5bd2f',
	'f1af1bb8-e5f1-41a3-842c-f6f24bdeb08c',
	'455',
	'UGX'
);

INSERT INTO MoneyTransactions VALUES (
	'ef211d30-2f41-442c-a211-e2b7f8c08299',
	'2018-03-21 01:40:39',
	'2018-03-21 01:40:39',
	'2fc0977d-c49b-47e8-9a03-090c5c65792d',
	'538f94d9-cf7a-4ac5-87ee-b139d59531f3',
	'420',
	'UGX'
);

INSERT INTO MoneyTransactions VALUES (
	'8440e46d-e216-4698-b24b-6d79cb7435a3',
	'2018-03-06 16:21:50',
	'2018-03-06 16:21:50',
	'7f5c0fce-c388-4df1-8a8e-1a77291affe4',
	'82df81c5-e9d6-4389-b52c-0461f4f9c48e',
	'282',
	'UGX'
);

INSERT INTO MoneyTransactions VALUES (
	'8a90c82e-562c-4eea-9896-afd3cd263506',
	'2018-02-18 09:39:28',
	'2018-02-18 09:39:28',
	'a293e3a5-a88d-473b-9d4a-74a2153992f6',
	'e02182d5-b50f-4e5c-bb71-3f7a60b84ba3',
	'333',
	'UGX'
);

INSERT INTO MoneyTransactions VALUES (
	'dcc488b5-62fa-454d-992f-eb5c50b8d59b',
	'2018-02-22 21:10:26',
	'2018-02-22 21:10:26',
	'a2b121fd-1a1f-4425-97db-876af3c5bd2f',
	'2aef91dd-7e10-4d35-be0b-8f16b2789459',
	'353',
	'UGX'
);

INSERT INTO MoneyTransactions VALUES (
	'8e579011-ce72-4452-94ff-e2f0b3f71165',
	'2018-03-02 09:27:07',
	'2018-03-02 09:27:07',
	'2fc0977d-c49b-47e8-9a03-090c5c65792d',
	'ca225efc-fc3c-4dcb-b2e0-ae466c9b20c9',
	'274',
	'UGX'
);

INSERT INTO MoneyTransactions VALUES (
	'23448d09-dae4-4f73-89ac-577ab7f5ae7e',
	'2018-02-28 14:59:26',
	'2018-02-28 14:59:26',
	'7f5c0fce-c388-4df1-8a8e-1a77291affe4',
	'78519d1b-43e6-4cdd-a091-2f52614cfd95',
	'180',
	'UGX'
);

INSERT INTO MoneyTransactions VALUES (
	'9e075da7-cac3-4890-8870-8a25398d5b7e',
	'2018-02-07 10:21:07',
	'2018-02-07 10:21:07',
	'a293e3a5-a88d-473b-9d4a-74a2153992f6',
	'90278984-afdb-428d-a0b8-2b96d860e287',
	'313',
	'UGX'
);

INSERT INTO MoneyTransactions VALUES (
	'dd7fa871-aee7-4d0c-98f8-952f2a010ffc',
	'2018-03-27 19:01:18',
	'2018-03-27 19:01:18',
	'a2b121fd-1a1f-4425-97db-876af3c5bd2f',
	'f1af1bb8-e5f1-41a3-842c-f6f24bdeb08c',
	'309',
	'UGX'
);

INSERT INTO MoneyTransactions VALUES (
	'd8227538-79ef-4a39-9d69-1b625de22db1',
	'2018-03-23 03:55:49',
	'2018-03-23 03:55:49',
	'2fc0977d-c49b-47e8-9a03-090c5c65792d',
	'538f94d9-cf7a-4ac5-87ee-b139d59531f3',
	'361',
	'UGX'
);

INSERT INTO MoneyTransactions VALUES (
	'4acd9a72-92d2-46ce-bd47-3dfe83421ace',
	'2018-03-12 22:18:22',
	'2018-03-12 22:18:22',
	'7f5c0fce-c388-4df1-8a8e-1a77291affe4',
	'82df81c5-e9d6-4389-b52c-0461f4f9c48e',
	'143',
	'UGX'
);

INSERT INTO MoneyTransactions VALUES (
	'c08f5ab8-ae2f-4322-b835-9eb015d3cae0',
	'2018-02-25 16:14:33',
	'2018-02-25 16:14:33',
	'a293e3a5-a88d-473b-9d4a-74a2153992f6',
	'e02182d5-b50f-4e5c-bb71-3f7a60b84ba3',
	'314',
	'UGX'
);

INSERT INTO MoneyTransactions VALUES (
	'd95eb862-d077-4754-9f8e-84215a435171',
	'2018-02-23 08:37:48',
	'2018-02-23 08:37:48',
	'a2b121fd-1a1f-4425-97db-876af3c5bd2f',
	'2aef91dd-7e10-4d35-be0b-8f16b2789459',
	'429',
	'UGX'
);

INSERT INTO MoneyTransactions VALUES (
	'5ecef99a-6835-4bf1-bb45-e0f1fb10a60a',
	'2018-03-28 15:33:23',
	'2018-03-28 15:33:23',
	'2fc0977d-c49b-47e8-9a03-090c5c65792d',
	'ca225efc-fc3c-4dcb-b2e0-ae466c9b20c9',
	'278',
	'UGX'
);

INSERT INTO MoneyTransactions VALUES (
	'970d7ff6-eca1-4565-8f40-3e6343605de3',
	'2018-03-07 12:58:05',
	'2018-03-07 12:58:05',
	'7f5c0fce-c388-4df1-8a8e-1a77291affe4',
	'78519d1b-43e6-4cdd-a091-2f52614cfd95',
	'247',
	'UGX'
);

INSERT INTO MoneyTransactions VALUES (
	'431debe3-106b-4934-be12-253ca30f619b',
	'2018-02-01 01:09:10',
	'2018-02-01 01:09:10',
	'a293e3a5-a88d-473b-9d4a-74a2153992f6',
	'90278984-afdb-428d-a0b8-2b96d860e287',
	'391',
	'UGX'
);

INSERT INTO MoneyTransactions VALUES (
	'acc3aac3-aabd-4cd0-9ae7-2aba251f55c4',
	'2018-02-24 04:24:38',
	'2018-02-24 04:24:38',
	'a2b121fd-1a1f-4425-97db-876af3c5bd2f',
	'f1af1bb8-e5f1-41a3-842c-f6f24bdeb08c',
	'461',
	'UGX'
);

INSERT INTO MoneyTransactions VALUES (
	'd9e287f1-c506-4bc5-89ce-6591982680b8',
	'2018-02-22 12:29:25',
	'2018-02-22 12:29:25',
	'2fc0977d-c49b-47e8-9a03-090c5c65792d',
	'538f94d9-cf7a-4ac5-87ee-b139d59531f3',
	'184',
	'UGX'
);

INSERT INTO MoneyTransactions VALUES (
	'0b501834-f2a7-4a4c-a866-ba69266a38b6',
	'2018-02-03 11:32:45',
	'2018-02-03 11:32:45',
	'7f5c0fce-c388-4df1-8a8e-1a77291affe4',
	'82df81c5-e9d6-4389-b52c-0461f4f9c48e',
	'313',
	'UGX'
);

INSERT INTO MoneyTransactions VALUES (
	'45139be9-4c28-4a11-87a7-9279792b9e1f',
	'2018-03-05 14:49:52',
	'2018-03-05 14:49:52',
	'a293e3a5-a88d-473b-9d4a-74a2153992f6',
	'e02182d5-b50f-4e5c-bb71-3f7a60b84ba3',
	'229',
	'UGX'
);

INSERT INTO MoneyTransactions VALUES (
	'73a38c5f-d23d-45f1-8cfc-bc674914f043',
	'2018-02-09 13:28:53',
	'2018-02-09 13:28:53',
	'a2b121fd-1a1f-4425-97db-876af3c5bd2f',
	'2aef91dd-7e10-4d35-be0b-8f16b2789459',
	'282',
	'UGX'
);

INSERT INTO MoneyTransactions VALUES (
	'db1f71a9-be98-4853-8e1a-b570f06617c6',
	'2018-02-05 23:35:06',
	'2018-02-05 23:35:06',
	'2fc0977d-c49b-47e8-9a03-090c5c65792d',
	'ca225efc-fc3c-4dcb-b2e0-ae466c9b20c9',
	'315',
	'UGX'
);

INSERT INTO MoneyTransactions VALUES (
	'5c4c8d96-aa7d-4451-a5ba-1a8055c0a82d',
	'2018-02-13 16:04:04',
	'2018-02-13 16:04:04',
	'7f5c0fce-c388-4df1-8a8e-1a77291affe4',
	'78519d1b-43e6-4cdd-a091-2f52614cfd95',
	'452',
	'UGX'
);

INSERT INTO MoneyTransactions VALUES (
	'f3e35b2c-4508-4d72-aad9-5869e5a21da8',
	'2018-02-01 11:52:26',
	'2018-02-01 11:52:26',
	'a293e3a5-a88d-473b-9d4a-74a2153992f6',
	'90278984-afdb-428d-a0b8-2b96d860e287',
	'119',
	'UGX'
);

INSERT INTO MoneyTransactions VALUES (
	'616128a0-2632-4850-b6c0-c5523722f535',
	'2018-02-02 05:15:57',
	'2018-02-02 05:15:57',
	'a2b121fd-1a1f-4425-97db-876af3c5bd2f',
	'f1af1bb8-e5f1-41a3-842c-f6f24bdeb08c',
	'142',
	'UGX'
);

INSERT INTO MoneyTransactions VALUES (
	'ad3af0a5-288f-429d-8fb0-2794794302fa',
	'2018-03-26 20:05:12',
	'2018-03-26 20:05:12',
	'2fc0977d-c49b-47e8-9a03-090c5c65792d',
	'538f94d9-cf7a-4ac5-87ee-b139d59531f3',
	'338',
	'UGX'
);

INSERT INTO MoneyTransactions VALUES (
	'031513b6-1b06-44f2-97dd-b27a002d3a2b',
	'2018-03-22 03:17:14',
	'2018-03-22 03:17:14',
	'7f5c0fce-c388-4df1-8a8e-1a77291affe4',
	'82df81c5-e9d6-4389-b52c-0461f4f9c48e',
	'243',
	'UGX'
);

INSERT INTO MoneyTransactions VALUES (
	'986748d7-4db2-4da9-8f25-fbedc1ded45c',
	'2018-02-27 01:06:35',
	'2018-02-27 01:06:35',
	'a293e3a5-a88d-473b-9d4a-74a2153992f6',
	'e02182d5-b50f-4e5c-bb71-3f7a60b84ba3',
	'275',
	'UGX'
);

INSERT INTO MoneyTransactions VALUES (
	'34149f64-bd85-4259-b544-02f2907cb452',
	'2018-02-18 00:49:06',
	'2018-02-18 00:49:06',
	'a2b121fd-1a1f-4425-97db-876af3c5bd2f',
	'2aef91dd-7e10-4d35-be0b-8f16b2789459',
	'292',
	'UGX'
);

INSERT INTO MoneyTransactions VALUES (
	'2419c73e-56e3-440a-95ad-8e2dd6faa78e',
	'2018-02-18 03:59:42',
	'2018-02-18 03:59:42',
	'2fc0977d-c49b-47e8-9a03-090c5c65792d',
	'ca225efc-fc3c-4dcb-b2e0-ae466c9b20c9',
	'429',
	'UGX'
);

INSERT INTO MoneyTransactions VALUES (
	'4beb7edf-f934-49e4-9022-ffec00b22836',
	'2018-02-12 06:59:05',
	'2018-02-12 06:59:05',
	'7f5c0fce-c388-4df1-8a8e-1a77291affe4',
	'78519d1b-43e6-4cdd-a091-2f52614cfd95',
	'432',
	'UGX'
);

INSERT INTO MoneyTransactions VALUES (
	'1a8cd097-ffdd-4c3a-82e5-3dece6d28aac',
	'2018-03-22 08:39:31',
	'2018-03-22 08:39:31',
	'a293e3a5-a88d-473b-9d4a-74a2153992f6',
	'90278984-afdb-428d-a0b8-2b96d860e287',
	'418',
	'UGX'
);

INSERT INTO MoneyTransactions VALUES (
	'1f2cc2ba-9e0c-4021-b565-a4913753fba3',
	'2018-03-09 17:53:21',
	'2018-03-09 17:53:21',
	'a2b121fd-1a1f-4425-97db-876af3c5bd2f',
	'f1af1bb8-e5f1-41a3-842c-f6f24bdeb08c',
	'236',
	'UGX'
);

INSERT INTO MoneyTransactions VALUES (
	'e581b545-86ac-475d-9969-fad9c9669dad',
	'2018-02-05 05:17:22',
	'2018-02-05 05:17:22',
	'2fc0977d-c49b-47e8-9a03-090c5c65792d',
	'538f94d9-cf7a-4ac5-87ee-b139d59531f3',
	'436',
	'UGX'
);

INSERT INTO MoneyTransactions VALUES (
	'07dc0677-1137-46b8-9d3a-9f242b5636f8',
	'2018-03-23 05:34:25',
	'2018-03-23 05:34:25',
	'7f5c0fce-c388-4df1-8a8e-1a77291affe4',
	'82df81c5-e9d6-4389-b52c-0461f4f9c48e',
	'166',
	'UGX'
);

INSERT INTO MoneyTransactions VALUES (
	'59180438-94f9-485b-8b89-f5d192f637be',
	'2018-02-09 09:49:58',
	'2018-02-09 09:49:58',
	'a293e3a5-a88d-473b-9d4a-74a2153992f6',
	'e02182d5-b50f-4e5c-bb71-3f7a60b84ba3',
	'420',
	'UGX'
);

INSERT INTO MoneyTransactions VALUES (
	'cc18922b-f0a3-453d-895e-aba5e6b48701',
	'2018-03-17 12:48:48',
	'2018-03-17 12:48:48',
	'a2b121fd-1a1f-4425-97db-876af3c5bd2f',
	'2aef91dd-7e10-4d35-be0b-8f16b2789459',
	'454',
	'UGX'
);

INSERT INTO MoneyTransactions VALUES (
	'aafec91b-5656-4dbe-9350-126aaccd8e50',
	'2018-03-23 18:36:26',
	'2018-03-23 18:36:26',
	'2fc0977d-c49b-47e8-9a03-090c5c65792d',
	'ca225efc-fc3c-4dcb-b2e0-ae466c9b20c9',
	'331',
	'UGX'
);

INSERT INTO MoneyTransactions VALUES (
	'3ef70ada-6b28-4405-9aac-a027e44f6e01',
	'2018-02-02 11:28:22',
	'2018-02-02 11:28:22',
	'7f5c0fce-c388-4df1-8a8e-1a77291affe4',
	'78519d1b-43e6-4cdd-a091-2f52614cfd95',
	'492',
	'UGX'
);

INSERT INTO MoneyTransactions VALUES (
	'a625fe46-cf50-445e-8c04-683459c55538',
	'2018-03-25 11:51:10',
	'2018-03-25 11:51:10',
	'a293e3a5-a88d-473b-9d4a-74a2153992f6',
	'90278984-afdb-428d-a0b8-2b96d860e287',
	'452',
	'UGX'
);

INSERT INTO MoneyTransactions VALUES (
	'b3eb376a-02a7-4da4-b1dd-7fe3eb7f9f9e',
	'2018-03-21 17:15:35',
	'2018-03-21 17:15:35',
	'a2b121fd-1a1f-4425-97db-876af3c5bd2f',
	'2aef91dd-7e10-4d35-be0b-8f16b2789459',
	'479',
	'UGX'
);

INSERT INTO MoneyTransactions VALUES (
	'0d8ecd49-ceea-459b-8b35-f2fe33aab0bd',
	'2018-02-24 04:03:07',
	'2018-02-24 04:03:07',
	'2fc0977d-c49b-47e8-9a03-090c5c65792d',
	'ca225efc-fc3c-4dcb-b2e0-ae466c9b20c9',
	'126',
	'UGX'
);

INSERT INTO MoneyTransactions VALUES (
	'aeec153c-bf2d-498b-9d66-041e14b7fe61',
	'2018-02-12 16:01:35',
	'2018-02-12 16:01:35',
	'7f5c0fce-c388-4df1-8a8e-1a77291affe4',
	'78519d1b-43e6-4cdd-a091-2f52614cfd95',
	'400',
	'UGX'
);

INSERT INTO MoneyTransactions VALUES (
	'156262f8-e58f-45f2-8e69-9f54a7af9614',
	'2018-03-15 13:41:40',
	'2018-03-15 13:41:40',
	'a293e3a5-a88d-473b-9d4a-74a2153992f6',
	'90278984-afdb-428d-a0b8-2b96d860e287',
	'447',
	'UGX'
);

INSERT INTO MoneyTransactions VALUES (
	'fce93d39-018b-4742-a04f-c55bbea4439b',
	'2018-02-28 02:45:32',
	'2018-02-28 02:45:32',
	'a2b121fd-1a1f-4425-97db-876af3c5bd2f',
	'2aef91dd-7e10-4d35-be0b-8f16b2789459',
	'420',
	'UGX'
);

INSERT INTO MoneyTransactions VALUES (
	'78ee8af5-b79e-495d-8f3e-7ae5439f6b0e',
	'2018-02-22 13:40:04',
	'2018-02-22 13:40:04',
	'2fc0977d-c49b-47e8-9a03-090c5c65792d',
	'ca225efc-fc3c-4dcb-b2e0-ae466c9b20c9',
	'198',
	'UGX'
);

INSERT INTO MoneyTransactions VALUES (
	'd082ca87-a3c6-42fa-a840-eb2d2d6f5855',
	'2018-02-10 07:17:58',
	'2018-02-10 07:17:58',
	'7f5c0fce-c388-4df1-8a8e-1a77291affe4',
	'78519d1b-43e6-4cdd-a091-2f52614cfd95',
	'246',
	'UGX'
);

INSERT INTO MoneyTransactions VALUES (
	'0791ce82-6d6b-44b4-ab75-970975633605',
	'2018-03-09 23:13:18',
	'2018-03-09 23:13:18',
	'a293e3a5-a88d-473b-9d4a-74a2153992f6',
	'90278984-afdb-428d-a0b8-2b96d860e287',
	'429',
	'UGX'
);

INSERT INTO MoneyTransactions VALUES (
	'055c06ee-eeaa-4bd5-b89b-fae16c349a6c',
	'2018-03-12 17:29:24',
	'2018-03-12 17:29:24',
	'a2b121fd-1a1f-4425-97db-876af3c5bd2f',
	'2aef91dd-7e10-4d35-be0b-8f16b2789459',
	'374',
	'UGX'
);

INSERT INTO MoneyTransactions VALUES (
	'87d6408c-9b37-40da-84d2-ded31264acdd',
	'2018-02-14 01:00:31',
	'2018-02-14 01:00:31',
	'2fc0977d-c49b-47e8-9a03-090c5c65792d',
	'ca225efc-fc3c-4dcb-b2e0-ae466c9b20c9',
	'476',
	'UGX'
);

INSERT INTO MoneyTransactions VALUES (
	'f23e26ba-3487-4b5d-ae01-8e90be2828b9',
	'2018-03-14 08:01:10',
	'2018-03-14 08:01:10',
	'7f5c0fce-c388-4df1-8a8e-1a77291affe4',
	'78519d1b-43e6-4cdd-a091-2f52614cfd95',
	'233',
	'UGX'
);

INSERT INTO MoneyTransactions VALUES (
	'396aeab6-c440-4a71-8895-198a03737b38',
	'2018-03-21 10:23:52',
	'2018-03-21 10:23:52',
	'a293e3a5-a88d-473b-9d4a-74a2153992f6',
	'90278984-afdb-428d-a0b8-2b96d860e287',
	'307',
	'UGX'
);

INSERT INTO MoneyTransactions VALUES (
	'1ae9b9e7-bcb8-487e-9414-ad268b1d28de',
	'2018-02-12 12:49:34',
	'2018-02-12 12:49:34',
	'a2b121fd-1a1f-4425-97db-876af3c5bd2f',
	'2aef91dd-7e10-4d35-be0b-8f16b2789459',
	'483',
	'UGX'
);

INSERT INTO MoneyTransactions VALUES (
	'31425eeb-a6f8-4831-9d78-9933fa3b6bca',
	'2018-03-08 08:32:23',
	'2018-03-08 08:32:23',
	'2fc0977d-c49b-47e8-9a03-090c5c65792d',
	'ca225efc-fc3c-4dcb-b2e0-ae466c9b20c9',
	'475',
	'UGX'
);

INSERT INTO MoneyTransactions VALUES (
	'6343e04c-0186-4215-819f-10cb25e3bdf7',
	'2018-02-12 03:34:20',
	'2018-02-12 03:34:20',
	'7f5c0fce-c388-4df1-8a8e-1a77291affe4',
	'78519d1b-43e6-4cdd-a091-2f52614cfd95',
	'342',
	'UGX'
);

INSERT INTO MoneyTransactions VALUES (
	'03ed8c39-65ce-4f51-9b87-52947b5de599',
	'2018-03-14 05:40:23',
	'2018-03-14 05:40:23',
	'a293e3a5-a88d-473b-9d4a-74a2153992f6',
	'90278984-afdb-428d-a0b8-2b96d860e287',
	'380',
	'UGX'
);

INSERT INTO MoneyTransactions VALUES (
	'45be9009-68bb-4fb8-aa90-c5a228004323',
	'2018-03-08 13:28:37',
	'2018-03-08 13:28:37',
	'a2b121fd-1a1f-4425-97db-876af3c5bd2f',
	'2aef91dd-7e10-4d35-be0b-8f16b2789459',
	'192',
	'UGX'
);

INSERT INTO MoneyTransactions VALUES (
	'6157f9b4-f590-48f5-8464-0d5cb31d1f94',
	'2018-03-02 17:52:45',
	'2018-03-02 17:52:45',
	'2fc0977d-c49b-47e8-9a03-090c5c65792d',
	'ca225efc-fc3c-4dcb-b2e0-ae466c9b20c9',
	'207',
	'UGX'
);

INSERT INTO MoneyTransactions VALUES (
	'1b9a17ac-09e1-439e-aecb-16a72d51ab0d',
	'2018-02-22 21:33:56',
	'2018-02-22 21:33:56',
	'a293e3a5-a88d-473b-9d4a-74a2153992f6',
	'78519d1b-43e6-4cdd-a091-2f52614cfd95',
	'406',
	'UGX'
);

INSERT INTO MoneyTransactions VALUES (
	'eb4a909f-fc38-41a8-9ab2-388b2845b8fa',
	'2018-03-25 11:17:24',
	'2018-03-25 11:17:24',
	'a2b121fd-1a1f-4425-97db-876af3c5bd2f',
	'90278984-afdb-428d-a0b8-2b96d860e287',
	'465',
	'UGX'
);

INSERT INTO MoneyTransactions VALUES (
	'76e330b6-0815-45a3-9b11-b5a14b7fef9f',
	'2018-03-21 21:45:38',
	'2018-03-21 21:45:38',
	'2fc0977d-c49b-47e8-9a03-090c5c65792d',
	'2aef91dd-7e10-4d35-be0b-8f16b2789459',
	'220',
	'UGX'
);

INSERT INTO MoneyTransactions VALUES (
	'78e0de24-40e9-4f89-b6b4-a5f0812cffd8',
	'2018-02-28 10:49:14',
	'2018-02-28 10:49:14',
	'a293e3a5-a88d-473b-9d4a-74a2153992f6',
	'ca225efc-fc3c-4dcb-b2e0-ae466c9b20c9',
	'481',
	'UGX'
);

INSERT INTO MoneyTransactions VALUES (
	'056d4185-17a2-4ca3-813f-9cebe1dc36fa',
	'2018-02-25 13:36:58',
	'2018-02-25 13:36:58',
	'a2b121fd-1a1f-4425-97db-876af3c5bd2f',
	'78519d1b-43e6-4cdd-a091-2f52614cfd95',
	'281',
	'UGX'
);

INSERT INTO MoneyTransactions VALUES (
	'2b5c9359-2d4f-43bc-8269-8dca0cf0fa0c',
	'2018-03-27 04:53:58',
	'2018-03-27 04:53:58',
	'2fc0977d-c49b-47e8-9a03-090c5c65792d',
	'90278984-afdb-428d-a0b8-2b96d860e287',
	'470',
	'UGX'
);

INSERT INTO MoneyTransactions VALUES (
	'bf607a63-9658-4bfe-9d1c-f5c11cbaaba3',
	'2018-02-23 23:42:42',
	'2018-02-23 23:42:42',
	'a293e3a5-a88d-473b-9d4a-74a2153992f6',
	'f1af1bb8-e5f1-41a3-842c-f6f24bdeb08c',
	'368',
	'UGX'
);

INSERT INTO MoneyTransactions VALUES (
	'5313939b-b476-4cf1-8d75-6d7dbf5ae515',
	'2018-03-27 22:54:32',
	'2018-03-27 22:54:32',
	'a2b121fd-1a1f-4425-97db-876af3c5bd2f',
	'538f94d9-cf7a-4ac5-87ee-b139d59531f3',
	'179',
	'UGX'
);

INSERT INTO MoneyTransactions VALUES (
	'd2234981-1a31-498f-8b11-7c52dc2ee469',
	'2018-03-09 08:05:38',
	'2018-03-09 08:05:38',
	'2fc0977d-c49b-47e8-9a03-090c5c65792d',
	'82df81c5-e9d6-4389-b52c-0461f4f9c48e',
	'452',
	'UGX'
);

INSERT INTO MoneyTransactions VALUES (
	'a96850fa-7b2c-4de9-8ee4-f5ea64f3341e',
	'2018-03-11 18:07:55',
	'2018-03-11 18:07:55',
	'a293e3a5-a88d-473b-9d4a-74a2153992f6',
	'e02182d5-b50f-4e5c-bb71-3f7a60b84ba3',
	'299',
	'UGX'
);

INSERT INTO MoneyTransactions VALUES (
	'425825a2-1e6f-4cfb-b612-e9933bf6c28e',
	'2018-02-23 16:09:04',
	'2018-02-23 16:09:04',
	'a2b121fd-1a1f-4425-97db-876af3c5bd2f',
	'2aef91dd-7e10-4d35-be0b-8f16b2789459',
	'348',
	'UGX'
);

INSERT INTO MoneyTransactions VALUES (
	'ed38f252-dbc9-48cc-9a0d-d2f7bff646ef',
	'2018-03-03 09:44:14',
	'2018-03-03 09:44:14',
	'2fc0977d-c49b-47e8-9a03-090c5c65792d',
	'ca225efc-fc3c-4dcb-b2e0-ae466c9b20c9',
	'381',
	'UGX'
);

INSERT INTO MoneyTransactions VALUES (
	'b0a634c9-b4c7-4d18-ad16-6ab08ada9a77',
	'2018-03-15 23:24:55',
	'2018-03-15 23:24:55',
	'a293e3a5-a88d-473b-9d4a-74a2153992f6',
	'78519d1b-43e6-4cdd-a091-2f52614cfd95',
	'158',
	'UGX'
);

INSERT INTO MoneyTransactions VALUES (
	'858c95f9-8a9e-4495-b6be-619a5fd9e6db',
	'2018-03-15 10:58:52',
	'2018-03-15 10:58:52',
	'a2b121fd-1a1f-4425-97db-876af3c5bd2f',
	'90278984-afdb-428d-a0b8-2b96d860e287',
	'434',
	'UGX'
);

INSERT INTO MoneyTransactions VALUES (
	'bac01c9a-c43a-4eb9-a3ed-2c708c5a8fa9',
	'2018-02-18 12:39:05',
	'2018-02-18 12:39:05',
	'2fc0977d-c49b-47e8-9a03-090c5c65792d',
	'90278984-afdb-428d-a0b8-2b96d860e287',
	'466',
	'UGX'
);

INSERT INTO MoneyTransactions VALUES (
	'f6a27173-1510-465f-9553-ababc2d0d1a7',
	'2018-03-30 09:18:50',
	'2018-03-30 09:18:50',
	'a293e3a5-a88d-473b-9d4a-74a2153992f6',
	'f1af1bb8-e5f1-41a3-842c-f6f24bdeb08c',
	'143',
	'UGX'
);

INSERT INTO MoneyTransactions VALUES (
	'3ad8aef8-a00f-4b50-8a9d-1d6594544851',
	'2018-02-09 22:32:31',
	'2018-02-09 22:32:31',
	'a2b121fd-1a1f-4425-97db-876af3c5bd2f',
	'538f94d9-cf7a-4ac5-87ee-b139d59531f3',
	'383',
	'UGX'
);

INSERT INTO MoneyTransactions VALUES (
	'f925632d-12f6-4e3f-9452-b1696936fc8c',
	'2018-03-22 08:01:26',
	'2018-03-22 08:01:26',
	'2fc0977d-c49b-47e8-9a03-090c5c65792d',
	'82df81c5-e9d6-4389-b52c-0461f4f9c48e',
	'424',
	'UGX'
);
